actor_name,algorithm,braking_fraction,circuit_identity,circuit_seed,circuit_split,coverage,mean_absolute_steering,mean_speed,mean_steering_change,mean_throttle,near_saturated_steering_fraction,near_zero_throttle_fraction,observation_type,outcome,positive_throttle_fraction,root_identity,run_id,sample_count,simulated_time,speed_median,speed_q10,speed_q90,speed_standard_deviation,steering_reversals,steering_reversals_per_time,throttle_median,throttle_q10,throttle_q90,throttle_standard_deviation,training_interactions
large,a2c,0.43029490616621985,0,0,development,1.0,0.40506356096362706,17.597320423195146,0.25990124228347916,0.24804178794287896,0.12198391420911528,0.064343163538874,frenet,completed,0.5697050938337802,0,a2c-large-frenet-seed-0,746,29.84,18.46720759398857,14.933202729595493,19.79097376592267,3.033637523700856,281,9.416890080428955,0.1637842208147049,-0.3094809353351593,0.7810563743114471,0.47941221814005175,2000000
large,a2c,0.2744360902255639,0,0,development,1.0,0.6057793174074954,17.378612078132388,1.026159634219466,0.1670657710384789,0.11403508771929824,0.13784461152882205,frenet,completed,0.7255639097744361,1,a2c-large-frenet-seed-1,798,31.92,17.865666425810222,16.677200197734383,18.645608787567898,2.740997762569942,610,19.110275689223055,0.13290727138519287,-0.127398581802845,0.48784330189228087,0.28381459768260164,2000000
large,a2c,0.34765625,0,0,development,1.0,0.7515741370971227,17.670977315498387,0.8369884718102651,0.206525966024401,0.5065104166666666,0.12760416666666666,frenet,completed,0.65234375,2,a2c-large-frenet-seed-2,768,30.72,18.101986347394316,15.632225801249495,19.955927140590116,2.9979281617041442,408,13.28125,0.13437583297491074,-0.2630252748727798,0.9394591033458713,0.3999463892977096,2000000
large,a2c,0.30390738060781475,0,0,development,1.0,0.42974145119104573,18.464927307429644,0.5257119311460976,0.19928063495474155,0.08393632416787265,0.11432706222865413,frenet,completed,0.6960926193921853,3,a2c-large-frenet-seed-3,691,27.64,19.310243923376714,17.062290840688767,20.1986609404241,3.1368112861888524,397,14.363241678726483,0.17556463181972504,-0.1680745929479599,0.6212868094444275,0.3245734179371162,2000000
large,a2c,0.3742550655542312,0,0,development,1.0,0.6018639850764312,15.09880173798077,1.0643415495637707,0.204723625250174,0.133492252681764,0.04529201430274136,frenet,completed,0.6257449344457687,4,a2c-large-frenet-seed-4,839,33.56,15.675195695652912,13.120930788291957,17.158270053619354,2.40034727291402,647,19.278903456495826,0.27409568428993225,-0.3130253076553345,0.6785030364990234,0.40417869743908713,2000000
medium,a2c,0.23793677204658903,0,0,development,1.0,0.3778445344424486,21.146409106404835,0.31827387573507926,0.24110319678263525,0.04492512479201331,0.13477537437603992,frenet,completed,0.762063227953411,0,a2c-medium-frenet-seed-0,601,24.04,21.96884523513776,19.448078012646743,24.295430794996783,4.348150781589597,266,11.064891846921798,0.1978253871202469,-0.15559113025665283,0.8009982705116272,0.3318613925117557,2000000
medium,a2c,0.2746031746031746,0,0,development,1.0,0.6306533511005534,19.897991762261043,0.16074184296928073,0.24741123633483234,0.31746031746031744,0.09841269841269841,frenet,completed,0.7253968253968254,1,a2c-medium-frenet-seed-1,630,25.2,21.113159818472404,15.260493201687211,23.49015361289417,4.3221466268643285,72,2.857142857142857,0.26909638941287994,-0.2825402647256851,0.7899511754512788,0.38069672579547276,2000000
medium,a2c,0.30064308681672025,0,0,development,1.0,0.3533744887918439,20.14550992100871,0.34060798405655385,0.2438122717673191,0.008038585209003215,0.07717041800643087,frenet,completed,0.6993569131832797,2,a2c-medium-frenet-seed-2,622,24.88,20.737091477894555,17.445492019814786,24.231334704387557,4.219724824337694,265,10.65112540192926,0.21266184747219086,-0.19644815772771834,0.8517267644405363,0.3693685287659192,2000000
medium,a2c,0.2861736334405145,0,0,development,1.0,0.2764332741579895,20.566833710921358,0.10121493749446109,0.22066845735658552,0.00482315112540193,0.14308681672025725,frenet,completed,0.7138263665594855,3,a2c-medium-frenet-seed-3,622,24.88,21.497269698495646,18.245017202109178,23.915299109776353,4.187478382244042,102,4.09967845659164,0.17893086373806,-0.12442034035921097,0.7105946779251098,0.3131721508797312,2000000
medium,a2c,0.3029827315541601,0,0,development,1.0,0.31230977071046,19.52911404977145,0.21383939311622185,0.28630776834448296,0.03453689167974882,0.061224489795918366,frenet,completed,0.6970172684458399,4,a2c-medium-frenet-seed-4,637,25.48,20.22612262540327,14.924980844644052,24.14565813267341,4.61897702547161,188,7.378335949764521,0.26173487305641174,-0.3646702110767364,0.9613001108169555,0.4834797068231446,2000000
small,a2c,0.2643312101910828,0,0,development,1.0,0.37832092920542176,20.357023437937578,0.4407699832327343,0.27619371044730906,0.01751592356687898,0.0589171974522293,frenet,completed,0.7356687898089171,0,a2c-small-frenet-seed-0,628,25.12,21.291859033126006,15.364983708841399,24.97514867747635,4.745287091728271,346,13.773885350318471,0.3108936995267868,-0.3638276100158691,0.8035295367240908,0.42512843763834346,2000000
small,a2c,0.2233169129720854,0,0,development,1.0,0.4350275098899003,20.943755391366242,0.18847039957396,0.24509307503285827,0.2134646962233169,0.10837438423645321,frenet,completed,0.7766830870279147,1,a2c-small-frenet-seed-1,609,24.36,21.916054737316976,18.81982217441863,24.901921463204744,4.406412090686291,182,7.471264367816092,0.2110336273908615,-0.18222447037696837,0.8117986679077149,0.3451114794024348,2000000
small,a2c,0.19769357495881384,0,0,development,1.0,0.39757124622495493,20.880397194921045,0.06457087184166499,0.22109901957024775,0.20922570016474465,0.12520593080724876,frenet,completed,0.8023064250411862,2,a2c-small-frenet-seed-2,607,24.28,21.84827969059971,19.037734905570417,24.1500320382587,4.306965280744956,48,1.9769357495881383,0.16231106221675873,-0.1088848814368248,0.754180884361267,0.294468901912187,2000000
small,a2c,0.25193199381761977,0,0,development,1.0,0.34132276527618505,20.128756212451616,0.22427560431319044,0.20467112774811713,0.061823802163833076,0.16228748068006182,frenet,completed,0.7480680061823802,3,a2c-small-frenet-seed-3,647,25.88,20.989192872336723,18.577077260442234,22.730111296907438,3.871544156323137,240,9.273570324574962,0.1406494528055191,-0.09834422022104261,0.613818609714508,0.290322294741565,2000000
small,a2c,0.27768860353130015,0,0,development,1.0,0.32799508518679144,20.186997744451947,0.06538106447751664,0.25456583317306436,0.1348314606741573,0.0593900481540931,frenet,completed,0.7223113964686998,4,a2c-small-frenet-seed-4,623,24.92,20.901411472347608,16.638818848882334,25.14513635126311,4.572027262020058,35,1.4044943820224718,0.3070543110370636,-0.27915461659431456,0.8125112533569337,0.3646255557760197,2000000
tiny,a2c,0.2574102964118565,0,0,development,1.0,0.2637911379421217,19.56590137576668,0.03105671738048841,0.18737567428211782,0.062402496099843996,0.1856474258970359,frenet,completed,0.7425897035881436,0,a2c-tiny-frenet-seed-0,641,25.64,20.75748915587505,16.242315054000702,22.537988687825262,4.281776159991101,11,0.4290171606864274,0.16431570053100586,-0.06514684855937958,0.6219851970672607,0.23609220158448785,2000000
tiny,a2c,0.22817764165390506,0,0,development,1.0,0.29779756486865655,19.771670303073257,0.024704340252199673,0.2134604128810793,0.030627871362940276,0.06584992343032159,frenet,completed,0.7718223583460949,1,a2c-tiny-frenet-seed-1,653,26.12,20.621423558318874,15.10179507311545,24.06778293201502,4.598319691958788,7,0.2679938744257274,0.21464593708515167,-0.1854486972093582,0.5687404394149781,0.2677364164363246,2000000
tiny,a2c,0.23705722070844687,0,0,development,0.5634822813707469,0.300060415180046,19.537431591426238,0.028470835790974522,0.27897187720601035,0.04632152588555858,0.0653950953678474,frenet,crashed,0.7629427792915532,2,a2c-tiny-frenet-seed-2,367,14.68,21.117122867362962,9.802872324978122,24.50480336395659,5.878435046098,7,0.4768392370572207,0.3239127993583679,-0.18518859148025513,0.7158113718032837,0.30760173652771894,2000000
tiny,a2c,0.20391061452513967,0,0,development,0.5497221475642238,0.32925304336985184,19.9327029746695,0.03638697092268741,0.2912394966976977,0.0446927374301676,0.0670391061452514,frenet,crashed,0.7960893854748603,3,a2c-tiny-frenet-seed-3,358,14.32,22.05625090727821,9.086345859907286,25.0868222702094,6.266635553804643,11,0.7681564245810055,0.30605819821357727,-0.1388035774230957,0.644291216135025,0.27138857376918085,2000000
tiny,a2c,0.2993730407523511,0,0,development,1.0,0.27976111852116686,20.041073605139758,0.026224055936965023,0.20514742787022341,0.0,0.10658307210031348,frenet,completed,0.700626959247649,4,a2c-tiny-frenet-seed-4,638,25.52,21.025626502662142,15.01381682666769,24.41308662430188,4.749030282849982,7,0.274294670846395,0.23523222655057907,-0.10783600732684136,0.571083611249924,0.24482036150591757,2000000
large,ppo,0.36180124223602483,0,0,development,1.0,0.46261243709950184,19.587200338679175,0.7688297220964917,0.2808492435766051,0.07142857142857142,0.06832298136645963,frenet,completed,0.6381987577639752,0,ppo-large-frenet-seed-0,644,25.76,20.527024432785495,17.601456159636054,22.239093023117547,3.6747568360041605,359,13.936335403726707,0.2514345496892929,-0.36292467117309574,0.940201908349991,0.5016269743761577,2000000
large,ppo,0.2873900293255132,0,0,development,1.0,0.4779081923168158,18.803079206374424,0.7694030984102443,0.2627176822721685,0.06744868035190615,0.093841642228739,frenet,completed,0.7126099706744868,1,ppo-large-frenet-seed-1,682,27.28,19.50751624681651,15.055343937015255,23.266121033423175,4.0628697937590825,448,16.422287390029325,0.23625703155994415,-0.37804373204708097,0.9296130120754241,0.4718030254290817,2000000
large,ppo,0.2576489533011272,0,0,development,1.0,0.5084867618413569,20.268887368248098,0.3745709039899896,0.2908034058693225,0.178743961352657,0.037037037037037035,frenet,completed,0.7423510466988728,2,ppo-large-frenet-seed-2,621,24.84,21.325662230394798,17.999127645391326,23.080932465431616,4.002986718659154,212,8.53462157809984,0.3629070222377777,-0.4070342779159546,0.8889590501785278,0.4640901403498372,2000000
large,ppo,0.29848484848484846,0,0,development,1.0,0.35775345000755887,19.19346309845529,0.4224522343429713,0.24522381672868504,0.007575757575757576,0.07272727272727272,frenet,completed,0.7015151515151515,3,ppo-large-frenet-seed-3,660,26.400000000000002,19.96690710955715,15.661849903297234,23.523654003030234,4.0824926939553405,332,12.575757575757574,0.23786794394254684,-0.27125048041343686,0.7829035282135011,0.39126652022701763,2000000
large,ppo,0.30042918454935624,0,0,development,1.0,0.31422654686706175,18.601263886617694,0.1954818882673904,0.2555598956715144,0.008583690987124463,0.06151645207439199,frenet,completed,0.6995708154506438,4,ppo-large-frenet-seed-4,699,27.96,19.259702579466264,15.924688367023775,21.620406683953423,3.5222222097566402,120,4.291845493562231,0.24762944877147675,-0.35309619903564454,0.9231404423713684,0.45002870056855654,2000000
medium,ppo,0.272419627749577,0,0,development,1.0,0.4102915363945599,21.109069870857827,0.09887722459319837,0.3016753839709057,0.24196277495769883,0.06091370558375635,frenet,completed,0.727580372250423,0,ppo-medium-frenet-seed-0,591,23.64,22.551347655790643,18.208055096345724,23.932090697732654,4.285264381928958,93,3.9340101522842637,0.3463810682296753,-0.4058689773082733,0.9675959348678589,0.471969227636731,2000000
medium,ppo,0.3333333333333333,0,0,development,1.0,0.6248959179164545,18.63391781463337,1.19334935196182,0.21308733096710689,0.23478260869565218,0.0927536231884058,frenet,completed,0.6666666666666666,1,ppo-medium-frenet-seed-1,690,27.6,19.533692874497138,16.697040814664298,21.084191617466285,3.4644950639173655,574,20.79710144927536,0.1625034362077713,-0.18267960250377654,0.8080556333065033,0.35881769656793,2000000
medium,ppo,0.3411764705882353,0,0,development,1.0,0.7062448296514476,18.45565887369263,0.9721090188143646,0.29835229317233075,0.4176470588235294,0.03676470588235294,frenet,completed,0.6588235294117647,2,ppo-medium-frenet-seed-2,680,27.2,19.134602814509037,13.703689208441864,22.542844104090634,4.221080914072609,385,14.154411764705882,0.31711171567440033,-0.4877600699663162,0.9971679270267486,0.5585879014695457,2000000
medium,ppo,0.3867403314917127,0,0,development,1.0,0.3999957662707359,18.0879803051336,0.5943230616590871,0.25551892060931847,0.0027624309392265192,0.03729281767955801,frenet,completed,0.6132596685082873,3,ppo-medium-frenet-seed-3,724,28.96,18.48651973190372,14.628588624757738,21.98150532975304,3.746525535375663,386,13.328729281767956,0.2505827397108078,-0.3292784810066223,0.9905156016349792,0.4773807791377489,2000000
medium,ppo,0.28888888888888886,0,0,development,1.0,0.3428302237560736,19.76537490162003,0.35993628691443624,0.25937732411456105,0.0015873015873015873,0.05555555555555555,frenet,completed,0.7111111111111111,4,ppo-medium-frenet-seed-4,630,25.2,20.800105429356996,16.703198994283717,23.666591168471665,4.094341425547772,271,10.753968253968255,0.24722333997488022,-0.27856069207191464,0.8793309092521667,0.4185962153911902,2000000
small,ppo,0.33282674772036475,0,0,development,1.0,0.38694479662357434,19.370317594571954,0.36900748966100144,0.3193463009117259,0.08662613981762918,0.03343465045592705,frenet,completed,0.6671732522796353,0,ppo-small-frenet-seed-0,658,26.32,20.58574538288751,13.169428561506244,24.14717011634505,4.651729478508307,298,11.322188449848024,0.43342916667461395,-0.4709353506565094,0.9964075565338135,0.5749830628306627,2000000
small,ppo,0.3435804701627486,0,0,development,0.9200022710281784,0.31489977621064763,20.566553832298965,0.29566051783130853,0.2475364560385152,0.03074141048824593,0.0867992766726944,frenet,crashed,0.6564195298372514,1,ppo-small-frenet-seed-1,553,22.12,21.60667005249102,16.346870282134955,24.37370126442456,4.551284832300789,228,10.30741410488246,0.18758918344974518,-0.2044290065765381,0.967225468158722,0.4065684099280954,2000000
small,ppo,0.35149863760217986,0,0,development,1.0,0.6111780820523544,17.87173409966116,1.1784919537807146,0.3498172876488529,0.18528610354223432,0.01907356948228883,frenet,completed,0.6485013623978202,2,ppo-small-frenet-seed-2,734,29.36,18.65724782606705,14.748527902585,20.813384742702556,3.4389078951294607,602,20.504087193460492,0.7096641063690186,-0.7055270493030548,0.9952195286750793,0.6902963006791727,2000000
small,ppo,0.3048951048951049,0,0,development,1.0,0.677597196808759,18.419882522379435,1.1958855394218886,0.2286705609601499,0.34405594405594403,0.08671328671328671,frenet,completed,0.6951048951048951,3,ppo-small-frenet-seed-3,715,28.6,19.189652486122696,15.335754726877418,21.92107525570512,3.6438544750552193,543,18.986013986013987,0.22254838049411774,-0.31005293130874634,0.7448588252067567,0.3868116083707834,2000000
small,ppo,0.3185550082101806,0,0,development,1.0,0.42451350562647594,20.649200371654132,0.17035109036001622,0.25085523138632304,0.180623973727422,0.15599343185550082,frenet,completed,0.6814449917898193,4,ppo-small-frenet-seed-4,609,24.36,21.65406293787057,18.69226307069026,23.656953442228247,4.089979633637664,127,5.213464696223317,0.17424124479293823,-0.23706054389476774,0.9351472854614264,0.38942119580385914,2000000
tiny,ppo,0.16618497109826588,0,0,development,1.0,0.5072809427168599,18.45571214280863,0.7704984930782969,0.155906155248791,0.04190751445086705,0.3222543352601156,frenet,completed,0.8338150289017341,0,ppo-tiny-frenet-seed-0,692,27.68,19.229392458111207,18.255980192471004,19.91237094069154,3.057246862845914,443,16.004335260115607,0.08746476471424103,-0.03065666202455759,0.32369339466094965,0.26028396380816915,2000000
tiny,ppo,0.34523809523809523,0,0,development,1.0,0.4425198286352541,18.559868201598857,0.5794919539199956,0.2921306508247826,0.03125,0.07589285714285714,frenet,completed,0.6547619047619048,1,ppo-tiny-frenet-seed-1,672,26.88,19.09184353921472,14.854767152500667,22.90770504770754,4.158656847041352,376,13.988095238095239,0.32785819470882416,-0.465144556760788,0.9858374655246734,0.548897999622429,2000000
tiny,ppo,0.2942028985507246,0,0,development,1.0,0.4063279559073187,18.946224068931237,0.5125507434859807,0.244986024252274,0.002898550724637681,0.06086956521739131,frenet,completed,0.7057971014492753,2,ppo-tiny-frenet-seed-2,690,27.6,19.67695157495353,17.04028943447879,22.392254742007683,3.62276522105798,376,13.623188405797102,0.26321765780448914,-0.31412059664726255,0.79793713092804,0.4120015054785575,2000000
tiny,ppo,0.24621733149931224,0,0,development,1.0,0.7053369586724286,18.328847622472335,0.2762058319625914,0.20163090563575548,0.4718019257221458,0.07152682255845942,frenet,completed,0.7537826685006878,3,ppo-tiny-frenet-seed-3,727,29.080000000000002,19.12776150184138,17.264950601538743,20.100224043864596,3.08477940125131,116,3.9889958734525446,0.20324060320854187,-0.237761515378952,0.5380417346954344,0.3264422150491289,2000000
tiny,ppo,0.3025335320417288,0,0,development,1.0,0.4931279506073101,18.569757621420777,0.2339933928094436,0.19372699475790278,0.23397913561847988,0.21162444113263784,frenet,completed,0.6974664679582713,4,ppo-tiny-frenet-seed-4,671,26.84,19.34536352811058,17.38571673773853,20.18908261836089,3.19241512133877,177,6.594634873323398,0.13900062441825867,-0.14690668880939484,0.5834850668907166,0.32022650386485707,2000000
large,reinforce,0.2023047375160051,0,0,development,1.0,0.2560630367416158,17.53948628347273,0.021276824473319814,0.15010284737683982,0.07298335467349552,0.16517285531370038,frenet,completed,0.7976952624839949,0,reinforce-large-frenet-seed-0,781,31.240000000000002,18.342251211887685,15.627317186826833,19.23484988239408,2.8405632412154733,12,0.3841229193341869,0.08687306940555573,-0.03795754164457321,0.3866366744041443,0.24111890043873335,2000000
large,reinforce,0.2776957163958641,0,0,development,1.0,0.706078550934295,19.00386805940061,0.6990159181778087,0.23390622603111355,0.3929098966026588,0.06794682422451995,frenet,completed,0.7223042836041359,1,reinforce-large-frenet-seed-1,677,27.080000000000002,19.900717281527,16.20391538509392,22.315917884798953,3.710350696511459,339,12.518463810930575,0.2546757161617279,-0.2920406341552734,0.7177036046981811,0.36692762806352275,2000000
large,reinforce,0.0,0,0,development,0.012120517411320659,1.0,6.62671674769598,0.0,1.0,1.0,0.0,frenet,crashed,1.0,2,reinforce-large-frenet-seed-2,37,1.48,6.647525590627633,1.33328666056351,11.885981639386845,3.912378092095561,0,0.0,1.0,1.0,1.0,0.0,2000000
large,reinforce,0.33256616800920596,0,0,development,1.0,0.5711615003918172,14.48537846637697,0.2154519576793923,0.22129935191575034,0.09666283084004602,0.05408515535097814,frenet,completed,0.667433831990794,3,reinforce-large-frenet-seed-3,869,34.76,15.505125598942815,10.171183003230553,18.319452098880205,3.418396789848124,115,3.3084004602991945,0.23565860092639923,-0.4329885244369507,0.8464723467826845,0.46936784538895643,2000000
large,reinforce,0.32522407170294493,0,0,development,1.0,0.3420756122584201,16.432493011441778,0.4082526544804494,0.2642142775199625,0.05121638924455826,0.04865556978233035,frenet,completed,0.674775928297055,4,reinforce-large-frenet-seed-4,781,31.240000000000002,16.876724070634253,13.50633918992991,19.726870924022,3.0699950930838353,407,13.028169014084506,0.3871676027774811,-0.48486530780792236,0.920895516872406,0.5292705865214651,2000000
medium,reinforce,0.30446927374301674,0,0,development,1.0,0.28808641081461916,17.947170840875444,0.16875250335991174,0.17906605307007595,0.04189944134078212,0.08659217877094973,frenet,completed,0.6955307262569832,0,reinforce-medium-frenet-seed-0,716,28.64,18.60299105888584,17.16277100836691,19.654443365111902,3.0078943567105827,281,9.811452513966481,0.18268325924873352,-0.15851093083620071,0.455285906791687,0.27740148038853246,2000000
medium,reinforce,0.2619047619047619,0,0,development,1.0,0.2349869524894135,16.966824287857307,0.04729270476520999,0.18672210984418622,0.0,0.12169312169312169,frenet,completed,0.7380952380952381,1,reinforce-medium-frenet-seed-1,756,30.240000000000002,17.567913496766366,14.020521953492546,20.10335532077321,3.504233010210885,55,1.8187830687830686,0.15335585176944733,-0.23534640669822693,0.634988397359848,0.3063418146275256,2000000
medium,reinforce,0.29246487867177523,0,0,development,1.0,0.6877284082979568,16.32233266377889,0.1252549750268307,0.13019042510624337,0.194125159642401,0.26436781609195403,frenet,completed,0.7075351213282248,2,reinforce-medium-frenet-seed-2,783,31.32,16.96336864636261,15.408507176649804,18.16601701110702,2.759950039763282,60,1.9157088122605364,0.09133439511060715,-0.06572266817092895,0.2870419800281525,0.20301837399596748,2000000
medium,reinforce,0.1948529411764706,0,0,development,1.0,0.17884301776697006,16.275481341930167,0.011022126252628703,0.12366059529956022,0.0,0.32107843137254904,frenet,completed,0.8051470588235294,3,reinforce-medium-frenet-seed-3,816,32.64,16.78958419267014,15.492732596944865,17.919094722979,2.5176426920812327,7,0.21446078431372548,0.07559854537248611,-0.04646684601902962,0.21694915741682053,0.20827971519381172,2000000
medium,reinforce,0.24813153961136025,0,0,development,1.0,0.3094143036640091,19.187065793829415,0.028158330254958702,0.17601455716441125,0.10463378176382661,0.21674140508221226,frenet,completed,0.7518684603886397,4,reinforce-medium-frenet-seed-4,669,26.76,20.12443305198953,16.718516792477917,22.085561866710886,3.978363080574726,9,0.3363228699551569,0.14273181557655334,-0.06381595879793167,0.5574919342994692,0.2264853854686825,2000000
small,reinforce,0.12229299363057325,0,0,development,1.0,0.17981345458512318,17.02636543724814,0.013657037733296141,0.12896972572861778,0.0,0.29426751592356687,frenet,completed,0.8777070063694268,0,reinforce-small-frenet-seed-0,785,31.400000000000002,17.748113906244402,16.870668098332427,18.496606146268824,2.927880498808572,5,0.1592356687898089,0.09147603064775467,-0.007755552418529984,0.32154268026351934,0.18153376442705677,2000000
small,reinforce,0.13609467455621302,0,0,development,1.0,0.1863656083613389,18.62933817809939,0.01414248285677146,0.1584252716933643,0.0,0.2455621301775148,frenet,completed,0.863905325443787,1,reinforce-small-frenet-seed-1,676,27.04,19.449676357098365,18.68356377847152,20.13050016856615,3.296130039099057,5,0.1849112426035503,0.09176793321967125,-0.022081149742007256,0.3923213630914688,0.23555185341720755,2000000
small,reinforce,0.17848101265822786,0,0,development,1.0,0.22938546808742288,16.792307702236556,0.03650766439419842,0.13799875105625825,0.0,0.2848101265822785,frenet,completed,0.8215189873417722,2,reinforce-small-frenet-seed-2,790,31.6,17.355849013203482,15.088580975089823,18.809964407875324,2.9479103252207244,42,1.3291139240506329,0.08561915531754494,-0.0453673917800188,0.40170004367828377,0.21262202267835123,2000000
small,reinforce,0.24157303370786518,0,0,development,1.0,0.1958885454458938,18.042366560905162,0.017636895436484435,0.15766989169951354,0.0,0.23595505617977527,frenet,completed,0.7584269662921348,3,reinforce-small-frenet-seed-3,712,28.48,18.720627860408698,17.17050185624245,20.47167707073921,3.4140408701557527,7,0.24578651685393257,0.12799276411533356,-0.059241409227252004,0.5209093183279032,0.21987271690548132,2000000
small,reinforce,0.08419689119170984,0,0,development,1.0,0.20401710972721163,16.843613333811085,0.015112162828665884,0.12522095802815064,0.0,0.4028497409326425,frenet,completed,0.9158031088082902,4,reinforce-small-frenet-seed-4,772,30.88,17.510341735302593,16.46417350723554,18.358042671943974,3.037766630813166,10,0.3238341968911917,0.07058090716600418,0.0034372998634353315,0.34821538329124446,0.17509226897165459,2000000
tiny,reinforce,0.0,0,0,development,0.6750579969067029,0.22534613140548268,17.907730293687212,0.01609839783530183,0.193921906881249,0.0,0.0102880658436214,frenet,crashed,1.0,0,reinforce-tiny-frenet-seed-0,486,19.44,19.724211594103892,9.319490322860807,21.78959904553283,5.184915537187297,5,0.257201646090535,0.1228448711335659,0.0915941596031189,0.5057514011859894,0.1468310497755253,2000000
tiny,reinforce,0.0,0,0,development,1.0,0.21824754125879345,17.917643499904294,0.017912563918496834,0.14814418395315962,0.0,0.18,frenet,completed,1.0,1,reinforce-tiny-frenet-seed-1,700,28.0,19.174665741141943,13.409698340303704,20.3837838398824,4.015717598901704,10,0.35714285714285715,0.102644432336092,0.03350878618657589,0.3898262411355974,0.1455674508359592,2000000
tiny,reinforce,0.16071428571428573,0,0,development,0.9692147454594928,0.27134240396151743,18.66562693668957,0.018503026664812235,0.16256015383875083,0.0,0.125,frenet,crashed,0.8392857142857143,2,reinforce-tiny-frenet-seed-2,672,26.88,20.110510025704887,12.626321276769122,21.800235698585407,4.492996246861282,9,0.3348214285714286,0.1505579724907875,-0.07093576863408087,0.42051027119159673,0.16406299466491994,2000000
tiny,reinforce,0.07317073170731707,0,0,development,1.0,0.20286268971802285,17.922719730391307,0.015349333791394087,0.14637769614610222,0.0,0.18077474892395984,frenet,completed,0.926829268292683,3,reinforce-tiny-frenet-seed-3,697,27.88,19.026504559093997,13.574871887349834,20.42473605126047,4.00110503226039,7,0.25107604017216645,0.08738163113594055,0.008044329285621652,0.44879432916641215,0.1573432405351584,2000000
tiny,reinforce,0.0,0,0,development,0.6893808917775284,0.22306508122821267,18.244664834461453,0.01669543307329828,0.20534421749271248,0.0,0.040169133192389,frenet,crashed,1.0,4,reinforce-tiny-frenet-seed-4,473,18.92,20.406431019720866,9.143151536521671,22.366196835060233,5.445479474005555,5,0.2642706131078224,0.15321174263954163,0.0827933207154274,0.5187421679496765,0.14505862048069254,2000000
