actor_name,algorithm,completion_rate,crash_rate,evaluation_count,lap_target_rate,mean_progress,mean_return,median_progress,observation_type,root_identity,run_checksum,run_id,training_duration,training_interactions
large,a2c,1.0,0.0,1,1.0,1.0001863789518664,213.337037404432,1.0001863789518664,frenet,0,79483ebc146b1df6037bfdefe2a5ebef8b6b50e1c6aa7cafe647a1f5e5a53fe5,a2c-large-frenet-seed-0,180.14195160018426,1000000
large,a2c,1.0,0.0,1,1.0,1.0003294610051874,205.75974630355176,1.0003294610051874,frenet,0,79483ebc146b1df6037bfdefe2a5ebef8b6b50e1c6aa7cafe647a1f5e5a53fe5,a2c-large-frenet-seed-0,358.20759760034707,2000000
large,a2c,0.0,1.0,1,0.0,0.2022154972421422,9.077768427554242,0.2022154972421422,frenet,0,79483ebc146b1df6037bfdefe2a5ebef8b6b50e1c6aa7cafe647a1f5e5a53fe5,a2c-large-frenet-seed-0,46.74843739983771,250000
large,a2c,1.0,0.0,1,1.0,1.0002651067781825,200.976939160067,1.0002651067781825,frenet,0,79483ebc146b1df6037bfdefe2a5ebef8b6b50e1c6aa7cafe647a1f5e5a53fe5,a2c-large-frenet-seed-0,91.50129209997976,500000
large,a2c,1.0,0.0,1,1.0,1.0000785162388404,199.39983169123266,1.0000785162388404,frenet,0,79483ebc146b1df6037bfdefe2a5ebef8b6b50e1c6aa7cafe647a1f5e5a53fe5,a2c-large-frenet-seed-0,136.08497389994955,750000
large,a2c,0.0,1.0,1,0.0,0.536342458885322,32.04082961709886,0.536342458885322,frenet,1,cc51518428702630c8f569ab7d1df3225dbe0d40fc30512b3a631d1c552e5082,a2c-large-frenet-seed-1,183.90298559994335,1000000
large,a2c,1.0,0.0,1,1.0,1.000208869940073,196.28363477437887,1.000208869940073,frenet,1,cc51518428702630c8f569ab7d1df3225dbe0d40fc30512b3a631d1c552e5082,a2c-large-frenet-seed-1,359.94534769930397,2000000
large,a2c,0.0,1.0,1,0.0,0.18234426219181285,4.089195490158627,0.18234426219181285,frenet,1,cc51518428702630c8f569ab7d1df3225dbe0d40fc30512b3a631d1c552e5082,a2c-large-frenet-seed-1,45.20263570034149,250000
large,a2c,0.0,1.0,1,0.0,0.18119601222127207,7.8320451620639435,0.18119601222127207,frenet,1,cc51518428702630c8f569ab7d1df3225dbe0d40fc30512b3a631d1c552e5082,a2c-large-frenet-seed-1,93.07190400033869,500000
large,a2c,0.0,1.0,1,0.0,0.5355140186915878,33.639465523387756,0.5355140186915878,frenet,1,cc51518428702630c8f569ab7d1df3225dbe0d40fc30512b3a631d1c552e5082,a2c-large-frenet-seed-1,139.3595050996846,750000
large,a2c,1.0,0.0,1,1.0,1.0002084556342488,197.40769104426028,1.0002084556342488,frenet,2,036b9ec86e6bfd5e7830896fcfe5cbfdfb97f629e8aa21f2a84847ac94fe9c16,a2c-large-frenet-seed-2,165.94335000080537,1000000
large,a2c,1.0,0.0,1,1.0,1.0000809681399268,201.6678413867616,1.0000809681399268,frenet,2,036b9ec86e6bfd5e7830896fcfe5cbfdfb97f629e8aa21f2a84847ac94fe9c16,a2c-large-frenet-seed-2,329.39645300085976,2000000
large,a2c,1.0,0.0,1,1.0,1.000008225569278,209.86545331148474,1.000008225569278,frenet,2,036b9ec86e6bfd5e7830896fcfe5cbfdfb97f629e8aa21f2a84847ac94fe9c16,a2c-large-frenet-seed-2,42.76609590013322,250000
large,a2c,1.0,0.0,1,1.0,1.0001973470245362,193.14725979593914,1.0001973470245362,frenet,2,036b9ec86e6bfd5e7830896fcfe5cbfdfb97f629e8aa21f2a84847ac94fe9c16,a2c-large-frenet-seed-2,84.2297018003228,500000
large,a2c,1.0,0.0,1,1.0,1.000257177216925,192.6918743935187,1.000257177216925,frenet,2,036b9ec86e6bfd5e7830896fcfe5cbfdfb97f629e8aa21f2a84847ac94fe9c16,a2c-large-frenet-seed-2,125.33953610072058,750000
large,a2c,0.0,1.0,1,0.0,0.5054444979178462,30.204082811702435,0.5054444979178462,frenet,3,675edc5dd3b4e5f61850c54ce21edc1c42a4ceb0c15abae300eb37aaa1e0133f,a2c-large-frenet-seed-3,187.17804470055853,1000000
large,a2c,1.0,0.0,1,1.0,1.0001343460305532,215.63661191348484,1.0001343460305532,frenet,3,675edc5dd3b4e5f61850c54ce21edc1c42a4ceb0c15abae300eb37aaa1e0133f,a2c-large-frenet-seed-3,350.8325720005996,2000000
large,a2c,0.0,1.0,1,0.0,0.04801943248071492,-2.7517043549694153,0.04801943248071492,frenet,3,675edc5dd3b4e5f61850c54ce21edc1c42a4ceb0c15abae300eb37aaa1e0133f,a2c-large-frenet-seed-3,48.637226399871,250000
large,a2c,0.0,1.0,1,0.0,0.09354945930666518,0.812108413236297,0.09354945930666518,frenet,3,675edc5dd3b4e5f61850c54ce21edc1c42a4ceb0c15abae300eb37aaa1e0133f,a2c-large-frenet-seed-3,98.15874800003076,500000
large,a2c,0.0,1.0,1,0.0,0.2084299013487259,10.709796901827664,0.2084299013487259,frenet,3,675edc5dd3b4e5f61850c54ce21edc1c42a4ceb0c15abae300eb37aaa1e0133f,a2c-large-frenet-seed-3,143.92865930034532,750000
large,a2c,1.0,0.0,1,1.0,1.0002221218829093,202.42855698978252,1.0002221218829093,frenet,4,633a79d137b747782a49079ffbbe14fdced34614b968e67ad42092b81ff0f715,a2c-large-frenet-seed-4,166.55240139915986,1000000
large,a2c,1.0,0.0,1,1.0,1.0002524067529925,188.98514627817042,1.0002524067529925,frenet,4,633a79d137b747782a49079ffbbe14fdced34614b968e67ad42092b81ff0f715,a2c-large-frenet-seed-4,331.89158979932836,2000000
large,a2c,0.0,1.0,1,0.0,0.1013132902850454,1.1748247727997825,0.1013132902850454,frenet,4,633a79d137b747782a49079ffbbe14fdced34614b968e67ad42092b81ff0f715,a2c-large-frenet-seed-4,42.97309839984155,250000
large,a2c,0.0,1.0,1,0.0,0.507932661802961,30.308595101383695,0.507932661802961,frenet,4,633a79d137b747782a49079ffbbe14fdced34614b968e67ad42092b81ff0f715,a2c-large-frenet-seed-4,84.58130929988693,500000
large,a2c,1.0,0.0,1,1.0,1.0000117315438657,195.43722628753073,1.0000117315438657,frenet,4,633a79d137b747782a49079ffbbe14fdced34614b968e67ad42092b81ff0f715,a2c-large-frenet-seed-4,125.67328649952469,750000
medium,a2c,1.0,0.0,1,1.0,1.0000444526641215,223.6862556607354,1.0000444526641215,frenet,0,e8642391a18bd3d9d8a6bbe63285f0153e8bb29f2495b8a1b6b6d672d1d34c1b,a2c-medium-frenet-seed-0,170.53672240024753,1000000
medium,a2c,1.0,0.0,1,1.0,1.0000275085512553,231.7760769546337,1.0000275085512553,frenet,0,e8642391a18bd3d9d8a6bbe63285f0153e8bb29f2495b8a1b6b6d672d1d34c1b,a2c-medium-frenet-seed-0,337.8642643994135,2000000
medium,a2c,0.0,1.0,1,0.0,0.1981308411214946,8.298226147398541,0.1981308411214946,frenet,0,e8642391a18bd3d9d8a6bbe63285f0153e8bb29f2495b8a1b6b6d672d1d34c1b,a2c-medium-frenet-seed-0,43.33710670045912,250000
medium,a2c,0.0,1.0,1,0.0,0.5710986030907075,37.29128670506542,0.5710986030907075,frenet,0,e8642391a18bd3d9d8a6bbe63285f0153e8bb29f2495b8a1b6b6d672d1d34c1b,a2c-medium-frenet-seed-0,86.3710617005272,500000
medium,a2c,0.0,1.0,1,0.0,0.552284013293109,35.649674680589,0.552284013293109,frenet,0,e8642391a18bd3d9d8a6bbe63285f0153e8bb29f2495b8a1b6b6d672d1d34c1b,a2c-medium-frenet-seed-0,127.75315940016662,750000
medium,a2c,0.0,1.0,1,0.0,0.5454194043565831,34.49027518190327,0.5454194043565831,frenet,1,b3dac8abf7a4757cdfba91623bf232e5701db7f4015080547b63eca5687c361d,a2c-medium-frenet-seed-1,163.150671398962,1000000
medium,a2c,1.0,0.0,1,1.0,1.0001230905443204,226.61302449117997,1.0001230905443204,frenet,1,b3dac8abf7a4757cdfba91623bf232e5701db7f4015080547b63eca5687c361d,a2c-medium-frenet-seed-1,324.0201270994512,2000000
medium,a2c,0.0,1.0,1,0.0,0.20654205607476592,8.48074766355136,0.20654205607476592,frenet,1,b3dac8abf7a4757cdfba91623bf232e5701db7f4015080547b63eca5687c361d,a2c-medium-frenet-seed-1,41.55742339970311,250000
medium,a2c,0.0,1.0,1,0.0,0.5437170934761097,34.865970330764604,0.5437170934761097,frenet,1,b3dac8abf7a4757cdfba91623bf232e5701db7f4015080547b63eca5687c361d,a2c-medium-frenet-seed-1,82.20034439950905,500000
medium,a2c,0.0,1.0,1,0.0,0.5449873342149723,34.449323162968334,0.5449873342149723,frenet,1,b3dac8abf7a4757cdfba91623bf232e5701db7f4015080547b63eca5687c361d,a2c-medium-frenet-seed-1,122.63036499926602,750000
medium,a2c,1.0,0.0,1,1.0,1.000248121899574,215.97044318288545,1.000248121899574,frenet,2,229fe70bb68869840e6623c860267f27642fc2dd85106bd12a954fe566de2830,a2c-medium-frenet-seed-2,162.46041620005417,1000000
medium,a2c,1.0,0.0,1,1.0,1.0001887253216901,228.05694526027563,1.0001887253216901,frenet,2,229fe70bb68869840e6623c860267f27642fc2dd85106bd12a954fe566de2830,a2c-medium-frenet-seed-2,323.40039229986724,2000000
medium,a2c,0.0,1.0,1,0.0,0.22278962812418426,9.786772551325997,0.22278962812418426,frenet,2,229fe70bb68869840e6623c860267f27642fc2dd85106bd12a954fe566de2830,a2c-medium-frenet-seed-2,40.729062699905626,250000
medium,a2c,0.0,1.0,1,0.0,0.6803227535029066,44.15686748104209,0.6803227535029066,frenet,2,229fe70bb68869840e6623c860267f27642fc2dd85106bd12a954fe566de2830,a2c-medium-frenet-seed-2,81.9268420999033,500000
medium,a2c,1.0,0.0,1,1.0,1.0003099830251685,216.80458128168067,1.0003099830251685,frenet,2,229fe70bb68869840e6623c860267f27642fc2dd85106bd12a954fe566de2830,a2c-medium-frenet-seed-2,121.8557390997048,750000
medium,a2c,1.0,0.0,1,1.0,1.0001617748406322,222.4781640183462,1.0001617748406322,frenet,3,135ee0df4e08dbe9e6b5fa22b3297252ca0aa88837f5be846a808b4aa96d807e,a2c-medium-frenet-seed-3,165.01752100044177,1000000
medium,a2c,1.0,0.0,1,1.0,1.000183828296465,228.05715253754505,1.000183828296465,frenet,3,135ee0df4e08dbe9e6b5fa22b3297252ca0aa88837f5be846a808b4aa96d807e,a2c-medium-frenet-seed-3,325.6654563009288,2000000
medium,a2c,0.0,1.0,1,0.0,0.19738946183192427,7.839626168224406,0.19738946183192427,frenet,3,135ee0df4e08dbe9e6b5fa22b3297252ca0aa88837f5be846a808b4aa96d807e,a2c-medium-frenet-seed-3,42.04617329991015,250000
medium,a2c,1.0,0.0,1,1.0,1.0002599932449674,224.7908816893117,1.0002599932449674,frenet,3,135ee0df4e08dbe9e6b5fa22b3297252ca0aa88837f5be846a808b4aa96d807e,a2c-medium-frenet-seed-3,82.8562480000619,500000
medium,a2c,1.0,0.0,1,1.0,1.0000332886757395,219.11117998795675,1.0000332886757395,frenet,3,135ee0df4e08dbe9e6b5fa22b3297252ca0aa88837f5be846a808b4aa96d807e,a2c-medium-frenet-seed-3,124.20052960025714,750000
medium,a2c,1.0,0.0,1,1.0,1.0002590967306844,225.86898552545705,1.0002590967306844,frenet,4,bfbe7000e586f49911e8a8d0741fe610f56f8ba8a70ca8bf2d01250c4d59a78b,a2c-medium-frenet-seed-4,170.55350260051637,1000000
medium,a2c,1.0,0.0,1,1.0,1.0003671114408546,225.3735013599026,1.0003671114408546,frenet,4,bfbe7000e586f49911e8a8d0741fe610f56f8ba8a70ca8bf2d01250c4d59a78b,a2c-medium-frenet-seed-4,334.8872262001496,2000000
medium,a2c,0.0,1.0,1,0.0,0.0598967465603781,-3.4518944808086127,0.0598967465603781,frenet,4,bfbe7000e586f49911e8a8d0741fe610f56f8ba8a70ca8bf2d01250c4d59a78b,a2c-medium-frenet-seed-4,44.63360540061694,250000
medium,a2c,0.0,1.0,1,0.0,0.5037020273654301,33.03465269379704,0.5037020273654301,frenet,4,bfbe7000e586f49911e8a8d0741fe610f56f8ba8a70ca8bf2d01250c4d59a78b,a2c-medium-frenet-seed-4,87.68963970063851,500000
medium,a2c,0.0,1.0,1,0.0,0.9757123028876897,67.47900852542301,0.9757123028876897,frenet,4,bfbe7000e586f49911e8a8d0741fe610f56f8ba8a70ca8bf2d01250c4d59a78b,a2c-medium-frenet-seed-4,128.2715489005277,750000
small,a2c,1.0,0.0,1,1.0,1.000179866972032,221.94083814874028,1.000179866972032,frenet,0,530a94f6e757947f661ae123e470f164bfa8db875605d45c73d3d6e6d6372747,a2c-small-frenet-seed-0,170.57645300004333,1000000
small,a2c,1.0,0.0,1,1.0,1.0002146201395077,226.8564351242876,1.0002146201395077,frenet,0,530a94f6e757947f661ae123e470f164bfa8db875605d45c73d3d6e6d6372747,a2c-small-frenet-seed-0,330.8233341001178,2000000
small,a2c,0.0,1.0,1,0.0,0.20631956284458136,7.84074766355131,0.20631956284458136,frenet,0,530a94f6e757947f661ae123e470f164bfa8db875605d45c73d3d6e6d6372747,a2c-small-frenet-seed-0,42.26476399977764,250000
small,a2c,0.0,1.0,1,0.0,0.5562308512776585,35.67286911896881,0.5562308512776585,frenet,0,530a94f6e757947f661ae123e470f164bfa8db875605d45c73d3d6e6d6372747,a2c-small-frenet-seed-0,85.69211499981975,500000
small,a2c,1.0,0.0,1,1.0,1.0002231822275653,214.26772170465404,1.0002231822275653,frenet,0,530a94f6e757947f661ae123e470f164bfa8db875605d45c73d3d6e6d6372747,a2c-small-frenet-seed-0,129.15283569992425,750000
small,a2c,1.0,0.0,1,1.0,1.000246505295609,223.70788849231832,1.000246505295609,frenet,1,837a9afc6e8b5bb4d9a84f0e3ef1d414d9dd214c460c9400da3cbad0b08cb905,a2c-small-frenet-seed-1,162.3824736998722,1000000
small,a2c,1.0,0.0,1,1.0,1.0001344992591328,230.34651237854317,1.0001344992591328,frenet,1,837a9afc6e8b5bb4d9a84f0e3ef1d414d9dd214c460c9400da3cbad0b08cb905,a2c-small-frenet-seed-1,325.40074740017553,2000000
small,a2c,0.0,1.0,1,0.0,0.20079156310598612,7.486456484377797,0.20079156310598612,frenet,1,837a9afc6e8b5bb4d9a84f0e3ef1d414d9dd214c460c9400da3cbad0b08cb905,a2c-small-frenet-seed-1,41.80324099991776,250000
small,a2c,0.0,1.0,1,0.0,0.5492936235391833,35.7360291568183,0.5492936235391833,frenet,1,837a9afc6e8b5bb4d9a84f0e3ef1d414d9dd214c460c9400da3cbad0b08cb905,a2c-small-frenet-seed-1,82.34848989996863,500000
small,a2c,1.0,0.0,1,1.0,1.0002156093645445,223.20394560372068,1.0002156093645445,frenet,1,837a9afc6e8b5bb4d9a84f0e3ef1d414d9dd214c460c9400da3cbad0b08cb905,a2c-small-frenet-seed-1,122.3891849998472,750000
small,a2c,0.0,1.0,1,0.0,0.6879224789086957,46.311781646661345,0.6879224789086957,frenet,2,01c5540ea7126d44064f2c48ceec5c7f2498a6da51af952451b34175b6bb3d48,a2c-small-frenet-seed-2,159.06270829897767,1000000
small,a2c,1.0,0.0,1,1.0,1.0001025748360723,230.6217231726015,1.0001025748360723,frenet,2,01c5540ea7126d44064f2c48ceec5c7f2498a6da51af952451b34175b6bb3d48,a2c-small-frenet-seed-2,323.64193840027656,2000000
small,a2c,0.0,1.0,1,0.0,0.20747663551401796,7.877663177783212,0.20747663551401796,frenet,2,01c5540ea7126d44064f2c48ceec5c7f2498a6da51af952451b34175b6bb3d48,a2c-small-frenet-seed-2,40.83220249967053,250000
small,a2c,0.0,1.0,1,0.0,0.54759654609062,35.01527577073211,0.54759654609062,frenet,2,01c5540ea7126d44064f2c48ceec5c7f2498a6da51af952451b34175b6bb3d48,a2c-small-frenet-seed-2,80.18233339889048,500000
small,a2c,1.0,0.0,1,1.0,1.0001784609325448,222.62764870723714,1.0001784609325448,frenet,2,01c5540ea7126d44064f2c48ceec5c7f2498a6da51af952451b34175b6bb3d48,a2c-small-frenet-seed-2,120.54922899886878,750000
small,a2c,1.0,0.0,1,1.0,1.0001703362842898,219.8845723998391,1.0001703362842898,frenet,3,efab375044a02933be141ce49a16ba2c41cb327defa93ff545e6d7c95656e297,a2c-small-frenet-seed-3,162.24385749980866,1000000
small,a2c,1.0,0.0,1,1.0,1.0002265261055328,223.4806397935767,1.0002265261055328,frenet,3,efab375044a02933be141ce49a16ba2c41cb327defa93ff545e6d7c95656e297,a2c-small-frenet-seed-3,323.33204759958244,2000000
small,a2c,0.0,1.0,1,0.0,0.20672096522987962,8.258366127447948,0.20672096522987962,frenet,3,efab375044a02933be141ce49a16ba2c41cb327defa93ff545e6d7c95656e297,a2c-small-frenet-seed-3,41.81414860032601,250000
small,a2c,0.0,1.0,1,0.0,0.549018675293524,35.39009025251238,0.549018675293524,frenet,3,efab375044a02933be141ce49a16ba2c41cb327defa93ff545e6d7c95656e297,a2c-small-frenet-seed-3,82.05582610046986,500000
small,a2c,1.0,0.0,1,1.0,1.0003091747736705,224.07479805377875,1.0003091747736705,frenet,3,efab375044a02933be141ce49a16ba2c41cb327defa93ff545e6d7c95656e297,a2c-small-frenet-seed-3,122.41506130005655,750000
small,a2c,1.0,0.0,1,1.0,1.0003390755381134,217.99685432105736,1.0003390755381134,frenet,4,1f9f62fd67c2e03dadcbbc5749e6a468c440dce181e227254df230d5f424b712,a2c-small-frenet-seed-4,163.3552404988659,1000000
small,a2c,1.0,0.0,1,1.0,1.000419832321585,227.89964910352285,1.000419832321585,frenet,4,1f9f62fd67c2e03dadcbbc5749e6a468c440dce181e227254df230d5f424b712,a2c-small-frenet-seed-4,326.29428840030596,2000000
small,a2c,0.0,1.0,1,0.0,0.20093457943925308,7.846448099184375,0.20093457943925308,frenet,4,1f9f62fd67c2e03dadcbbc5749e6a468c440dce181e227254df230d5f424b712,a2c-small-frenet-seed-4,41.82336959985332,250000
small,a2c,0.0,1.0,1,0.0,0.47571202363783616,29.32805486969064,0.47571202363783616,frenet,4,1f9f62fd67c2e03dadcbbc5749e6a468c440dce181e227254df230d5f424b712,a2c-small-frenet-seed-4,82.24196509932153,500000
small,a2c,0.0,1.0,1,0.0,0.5548526003943507,34.76756511001192,0.5548526003943507,frenet,4,1f9f62fd67c2e03dadcbbc5749e6a468c440dce181e227254df230d5f424b712,a2c-small-frenet-seed-4,122.82036339942715,750000
tiny,a2c,0.0,1.0,1,0.0,0.554761503960034,35.66820186289706,0.554761503960034,frenet,0,78612a4c5f8f5e356b1da0e1e65f0d49f8c7c5227af34dfa6ddec8079e67c22e,a2c-tiny-frenet-seed-0,158.60987529953854,1000000
tiny,a2c,1.0,0.0,1,1.0,1.0000442998504768,224.55131623001108,1.0000442998504768,frenet,0,78612a4c5f8f5e356b1da0e1e65f0d49f8c7c5227af34dfa6ddec8079e67c22e,a2c-tiny-frenet-seed-0,305.76195109910987,2000000
tiny,a2c,0.0,1.0,1,0.0,0.09919364540761652,-0.851639140143563,0.09919364540761652,frenet,0,78612a4c5f8f5e356b1da0e1e65f0d49f8c7c5227af34dfa6ddec8079e67c22e,a2c-tiny-frenet-seed-0,41.94890539996413,250000
tiny,a2c,0.0,1.0,1,0.0,0.3702236573704741,20.640758541036217,0.3702236573704741,frenet,0,78612a4c5f8f5e356b1da0e1e65f0d49f8c7c5227af34dfa6ddec8079e67c22e,a2c-tiny-frenet-seed-0,82.26480439977968,500000
tiny,a2c,0.0,1.0,1,0.0,0.5096588832998207,31.915125655416198,0.5096588832998207,frenet,0,78612a4c5f8f5e356b1da0e1e65f0d49f8c7c5227af34dfa6ddec8079e67c22e,a2c-tiny-frenet-seed-0,121.03095259960173,750000
tiny,a2c,0.0,1.0,1,0.0,0.5573906186598431,35.41764492630434,0.5573906186598431,frenet,1,c5d142aeedd81c287e8b9cd206771d2b93e6a642588ba0db7a46798ddeb083c8,a2c-tiny-frenet-seed-1,169.13977139965937,1000000
tiny,a2c,1.0,0.0,1,1.0,1.0003324389346038,222.4162926529329,1.0003324389346038,frenet,1,c5d142aeedd81c287e8b9cd206771d2b93e6a642588ba0db7a46798ddeb083c8,a2c-tiny-frenet-seed-1,332.3108483995311,2000000
tiny,a2c,0.0,1.0,1,0.0,0.09413108642419944,-1.2702336373786713,0.09413108642419944,frenet,1,c5d142aeedd81c287e8b9cd206771d2b93e6a642588ba0db7a46798ddeb083c8,a2c-tiny-frenet-seed-1,43.16154059995097,250000
tiny,a2c,0.0,1.0,1,0.0,0.4952816948155933,30.197920439259356,0.4952816948155933,frenet,1,c5d142aeedd81c287e8b9cd206771d2b93e6a642588ba0db7a46798ddeb083c8,a2c-tiny-frenet-seed-1,85.5936317000851,500000
tiny,a2c,0.0,1.0,1,0.0,0.5556123787465891,34.960265766458285,0.5556123787465891,frenet,1,c5d142aeedd81c287e8b9cd206771d2b93e6a642588ba0db7a46798ddeb083c8,a2c-tiny-frenet-seed-1,126.46394949992828,750000
tiny,a2c,0.0,1.0,1,0.0,0.5088782916975083,31.431577386646055,0.5088782916975083,frenet,2,982d03dbf5495856ac5a635963e738775633e02a94278b0ddf3508740fa92572,a2c-tiny-frenet-seed-2,160.57265240003835,1000000
tiny,a2c,0.0,1.0,1,0.0,0.5634822813707469,36.594443977842005,0.5634822813707469,frenet,2,982d03dbf5495856ac5a635963e738775633e02a94278b0ddf3508740fa92572,a2c-tiny-frenet-seed-2,320.42969260036625,2000000
tiny,a2c,0.0,1.0,1,0.0,0.21144617293613982,6.896856640828203,0.21144617293613982,frenet,2,982d03dbf5495856ac5a635963e738775633e02a94278b0ddf3508740fa92572,a2c-tiny-frenet-seed-2,41.60120879972965,250000
tiny,a2c,0.0,1.0,1,0.0,0.5064161819785471,31.02657755396401,0.5064161819785471,frenet,2,982d03dbf5495856ac5a635963e738775633e02a94278b0ddf3508740fa92572,a2c-tiny-frenet-seed-2,81.97185539934799,500000
tiny,a2c,0.0,1.0,1,0.0,0.5077662646640452,31.053938934765398,0.5077662646640452,frenet,2,982d03dbf5495856ac5a635963e738775633e02a94278b0ddf3508740fa92572,a2c-tiny-frenet-seed-2,121.31145929997001,750000
tiny,a2c,0.0,1.0,1,0.0,0.503692535586284,31.186521124801438,0.503692535586284,frenet,3,4752208ed0db580c4b8c97a576ac48019756f72cdcd97cff0a9df527bd303a53,a2c-tiny-frenet-seed-3,165.44723489966418,1000000
tiny,a2c,0.0,1.0,1,0.0,0.5497221475642238,35.65576187238578,0.5497221475642238,frenet,3,4752208ed0db580c4b8c97a576ac48019756f72cdcd97cff0a9df527bd303a53,a2c-tiny-frenet-seed-3,328.6498054998301,2000000
tiny,a2c,0.0,1.0,1,0.0,0.0800761673928112,-2.1449933820513807,0.0800761673928112,frenet,3,4752208ed0db580c4b8c97a576ac48019756f72cdcd97cff0a9df527bd303a53,a2c-tiny-frenet-seed-3,42.57549499990637,250000
tiny,a2c,0.0,1.0,1,0.0,0.49924754000064336,30.475903304061376,0.49924754000064336,frenet,3,4752208ed0db580c4b8c97a576ac48019756f72cdcd97cff0a9df527bd303a53,a2c-tiny-frenet-seed-3,85.06929139971908,500000
tiny,a2c,0.0,1.0,1,0.0,0.5012891143183349,31.03263622890858,0.5012891143183349,frenet,3,4752208ed0db580c4b8c97a576ac48019756f72cdcd97cff0a9df527bd303a53,a2c-tiny-frenet-seed-3,125.6940098999039,750000
tiny,a2c,0.0,1.0,1,0.0,0.5043745130807465,31.299487665477507,0.5043745130807465,frenet,4,9e42cd038bb0428a07f6e882d8286bcb51004b8b355cdad9c8da4c0cfeec39b7,a2c-tiny-frenet-seed-4,165.1723681000367,1000000
tiny,a2c,1.0,0.0,1,1.0,1.0003371996287036,225.19468547193028,1.0003371996287036,frenet,4,9e42cd038bb0428a07f6e882d8286bcb51004b8b355cdad9c8da4c0cfeec39b7,a2c-tiny-frenet-seed-4,329.0484429001299,2000000
tiny,a2c,0.0,1.0,1,0.0,0.09185329518396274,-1.6727547040566249,0.09185329518396274,frenet,4,9e42cd038bb0428a07f6e882d8286bcb51004b8b355cdad9c8da4c0cfeec39b7,a2c-tiny-frenet-seed-4,42.25237559969537,250000
tiny,a2c,0.0,1.0,1,0.0,0.49636679211392903,30.474521614384145,0.49636679211392903,frenet,4,9e42cd038bb0428a07f6e882d8286bcb51004b8b355cdad9c8da4c0cfeec39b7,a2c-tiny-frenet-seed-4,84.06635619981535,500000
tiny,a2c,0.0,1.0,1,0.0,0.49926310273522323,30.877717020546676,0.49926310273522323,frenet,4,9e42cd038bb0428a07f6e882d8286bcb51004b8b355cdad9c8da4c0cfeec39b7,a2c-tiny-frenet-seed-4,125.4152089998679,750000
large,ppo,1.0,0.0,1,1.0,1.000372575001547,225.2992987814451,1.000372575001547,frenet,0,19c65cb305ec820fb7609f284e6365709bf0ace944cc655428903eb3096063b0,ppo-large-frenet-seed-0,253.53925729963157,1000000
large,ppo,1.0,0.0,1,1.0,1.0003619952695886,224.00534352998176,1.0003619952695886,frenet,0,19c65cb305ec820fb7609f284e6365709bf0ace944cc655428903eb3096063b0,ppo-large-frenet-seed-0,503.8675035993547,2000000
large,ppo,1.0,0.0,1,1.0,1.0001704822225168,234.0373015521585,1.0001704822225168,frenet,0,19c65cb305ec820fb7609f284e6365709bf0ace944cc655428903eb3096063b0,ppo-large-frenet-seed-0,64.40540110009533,250000
large,ppo,1.0,0.0,1,1.0,1.000100048933249,228.49954932263083,1.000100048933249,frenet,0,19c65cb305ec820fb7609f284e6365709bf0ace944cc655428903eb3096063b0,ppo-large-frenet-seed-0,129.39872409973032,500000
large,ppo,1.0,0.0,1,1.0,1.0002946717371937,220.11117566507374,1.0002946717371937,frenet,0,19c65cb305ec820fb7609f284e6365709bf0ace944cc655428903eb3096063b0,ppo-large-frenet-seed-0,191.48710269979347,750000
large,ppo,1.0,0.0,1,1.0,1.000291036133603,228.38440224053903,1.000291036133603,frenet,1,4f31e73a744b7def05eaf4196b13f59ee601c3b2379cd8a5d02cbf9d296ee3cb,ppo-large-frenet-seed-1,262.9193604003631,1000000
large,ppo,1.0,0.0,1,1.0,1.0001529835132277,217.2164478191782,1.0001529835132277,frenet,1,4f31e73a744b7def05eaf4196b13f59ee601c3b2379cd8a5d02cbf9d296ee3cb,ppo-large-frenet-seed-1,516.6699897013386,2000000
large,ppo,1.0,0.0,1,1.0,1.0000885909071746,230.83890242389535,1.0000885909071746,frenet,1,4f31e73a744b7def05eaf4196b13f59ee601c3b2379cd8a5d02cbf9d296ee3cb,ppo-large-frenet-seed-1,68.28054330011582,250000
large,ppo,1.0,0.0,1,1.0,1.0001092684237112,232.27755620310447,1.0001092684237112,frenet,1,4f31e73a744b7def05eaf4196b13f59ee601c3b2379cd8a5d02cbf9d296ee3cb,ppo-large-frenet-seed-1,133.8644781002513,500000
large,ppo,1.0,0.0,1,1.0,1.0004097460499097,234.28917526440733,1.0004097460499097,frenet,1,4f31e73a744b7def05eaf4196b13f59ee601c3b2379cd8a5d02cbf9d296ee3cb,ppo-large-frenet-seed-1,197.2249693002268,750000
large,ppo,0.0,1.0,1,0.0,0.6886097947393586,44.56512737371159,0.6886097947393586,frenet,2,bfaf95588b759d5f7521f018e488ab888dfce3c22ede4277aa3f21993ff0ec68,ppo-large-frenet-seed-2,265.71373909925387,1000000
large,ppo,1.0,0.0,1,1.0,1.0003288614089578,228.20775404248462,1.0003288614089578,frenet,2,bfaf95588b759d5f7521f018e488ab888dfce3c22ede4277aa3f21993ff0ec68,ppo-large-frenet-seed-2,545.8582993994023,2000000
large,ppo,1.0,0.0,1,1.0,1.0002774575009306,213.63743402971656,1.0002774575009306,frenet,2,bfaf95588b759d5f7521f018e488ab888dfce3c22ede4277aa3f21993ff0ec68,ppo-large-frenet-seed-2,65.09933899994576,250000
large,ppo,1.0,0.0,1,1.0,1.0001203827685894,206.99601052551446,1.0001203827685894,frenet,2,bfaf95588b759d5f7521f018e488ab888dfce3c22ede4277aa3f21993ff0ec68,ppo-large-frenet-seed-2,131.24584879983377,500000
large,ppo,1.0,0.0,1,1.0,1.0000498117465035,207.7109289825181,1.0000498117465035,frenet,2,bfaf95588b759d5f7521f018e488ab888dfce3c22ede4277aa3f21993ff0ec68,ppo-large-frenet-seed-2,196.8515612996198,750000
large,ppo,1.0,0.0,1,1.0,1.000289013663979,206.61640859331823,1.000289013663979,frenet,3,3d48797dee6806cd285594634cc6a28c22affcedfa3049f0e7c1f7b6e3cc157a,ppo-large-frenet-seed-3,274.7670233000317,1000000
large,ppo,1.0,0.0,1,1.0,1.0004169213214833,221.23963066952132,1.0004169213214833,frenet,3,3d48797dee6806cd285594634cc6a28c22affcedfa3049f0e7c1f7b6e3cc157a,ppo-large-frenet-seed-3,531.421141099625,2000000
large,ppo,1.0,0.0,1,1.0,1.000193411313278,226.67810426818272,1.000193411313278,frenet,3,3d48797dee6806cd285594634cc6a28c22affcedfa3049f0e7c1f7b6e3cc157a,ppo-large-frenet-seed-3,73.35754350016214,250000
large,ppo,1.0,0.0,1,1.0,1.00025750756234,216.72685257451914,1.00025750756234,frenet,3,3d48797dee6806cd285594634cc6a28c22affcedfa3049f0e7c1f7b6e3cc157a,ppo-large-frenet-seed-3,142.61287019994052,500000
large,ppo,1.0,0.0,1,1.0,1.0000704606793342,206.1671926901388,1.0000704606793342,frenet,3,3d48797dee6806cd285594634cc6a28c22affcedfa3049f0e7c1f7b6e3cc157a,ppo-large-frenet-seed-3,208.6523370000541,750000
large,ppo,1.0,0.0,1,1.0,1.0000292489284097,228.94003812901892,1.0000292489284097,frenet,4,9ecfa50ba9cce1c84c4cd852a9c60c237a41d65ff542dfb528d8f24686b70d8d,ppo-large-frenet-seed-4,257.06161589984185,1000000
large,ppo,1.0,0.0,1,1.0,1.000249550582794,214.20491603050908,1.000249550582794,frenet,4,9ecfa50ba9cce1c84c4cd852a9c60c237a41d65ff542dfb528d8f24686b70d8d,ppo-large-frenet-seed-4,512.8424788991397,2000000
large,ppo,1.0,0.0,1,1.0,1.0000040458510773,219.1361629286053,1.0000040458510773,frenet,4,9ecfa50ba9cce1c84c4cd852a9c60c237a41d65ff542dfb528d8f24686b70d8d,ppo-large-frenet-seed-4,64.36102829988886,250000
large,ppo,1.0,0.0,1,1.0,1.0000132513030082,213.94107146584065,1.0000132513030082,frenet,4,9ecfa50ba9cce1c84c4cd852a9c60c237a41d65ff542dfb528d8f24686b70d8d,ppo-large-frenet-seed-4,128.8563616001993,500000
large,ppo,1.0,0.0,1,1.0,1.0001951379130214,211.32398236859854,1.0001951379130214,frenet,4,9ecfa50ba9cce1c84c4cd852a9c60c237a41d65ff542dfb528d8f24686b70d8d,ppo-large-frenet-seed-4,193.13601110022137,750000
medium,ppo,0.0,1.0,1,0.0,0.9190248725366367,60.62884857988213,0.9190248725366367,frenet,0,e34ff7f871eba2fae32580a29108bef3d55ff366474f64cfa7acade52deda354,ppo-medium-frenet-seed-0,239.54374930055565,1000000
medium,ppo,1.0,0.0,1,1.0,1.0002112268217693,233.50449853055267,1.0002112268217693,frenet,0,e34ff7f871eba2fae32580a29108bef3d55ff366474f64cfa7acade52deda354,ppo-medium-frenet-seed-0,478.3693197011926,2000000
medium,ppo,1.0,0.0,1,1.0,1.0003187313113115,226.5515617945174,1.0003187313113115,frenet,0,e34ff7f871eba2fae32580a29108bef3d55ff366474f64cfa7acade52deda354,ppo-medium-frenet-seed-0,60.1824017999279,250000
medium,ppo,0.0,1.0,1,0.0,0.6708998302518264,42.453573025273165,0.6708998302518264,frenet,0,e34ff7f871eba2fae32580a29108bef3d55ff366474f64cfa7acade52deda354,ppo-medium-frenet-seed-0,119.65337240021836,500000
medium,ppo,1.0,0.0,1,1.0,1.0001030493183207,220.4939912761271,1.0001030493183207,frenet,0,e34ff7f871eba2fae32580a29108bef3d55ff366474f64cfa7acade52deda354,ppo-medium-frenet-seed-0,179.76410070066413,750000
medium,ppo,1.0,0.0,1,1.0,1.0001570360132102,201.24233548665853,1.0001570360132102,frenet,1,ba05ceca1d3b77d0c1c1c56e8c2d094b4b4a63687b7fae5bf03e40193f064426,ppo-medium-frenet-seed-1,233.57304220049627,1000000
medium,ppo,1.0,0.0,1,1.0,1.0000690389730043,215.80863721577492,1.0000690389730043,frenet,1,ba05ceca1d3b77d0c1c1c56e8c2d094b4b4a63687b7fae5bf03e40193f064426,ppo-medium-frenet-seed-1,468.8397808010486,2000000
medium,ppo,1.0,0.0,1,1.0,1.0001945591992998,211.10322080459497,1.0001945591992998,frenet,1,ba05ceca1d3b77d0c1c1c56e8c2d094b4b4a63687b7fae5bf03e40193f064426,ppo-medium-frenet-seed-1,59.69717070015395,250000
medium,ppo,1.0,0.0,1,1.0,1.0001953035722793,203.87498437871574,1.0001953035722793,frenet,1,ba05ceca1d3b77d0c1c1c56e8c2d094b4b4a63687b7fae5bf03e40193f064426,ppo-medium-frenet-seed-1,118.87912350035913,500000
medium,ppo,1.0,0.0,1,1.0,1.0000361925327814,208.13426844440278,1.0000361925327814,frenet,1,ba05ceca1d3b77d0c1c1c56e8c2d094b4b4a63687b7fae5bf03e40193f064426,ppo-medium-frenet-seed-1,176.81589020039246,750000
medium,ppo,1.0,0.0,1,1.0,1.0002144158873367,213.7367683121298,1.0002144158873367,frenet,2,75cc5af0a06a05f20a2f844fba201f906e5d2a5ddea9e58133860400f27a2444,ppo-medium-frenet-seed-2,228.28300869966552,1000000
medium,ppo,1.0,0.0,1,1.0,1.0000644069214504,217.56833801346193,1.0000644069214504,frenet,2,75cc5af0a06a05f20a2f844fba201f906e5d2a5ddea9e58133860400f27a2444,ppo-medium-frenet-seed-2,459.18763529995704,2000000
medium,ppo,1.0,0.0,1,1.0,1.0002225853650473,224.69314502764513,1.0002225853650473,frenet,2,75cc5af0a06a05f20a2f844fba201f906e5d2a5ddea9e58133860400f27a2444,ppo-medium-frenet-seed-2,58.19267769991711,250000
medium,ppo,1.0,0.0,1,1.0,1.0003085191655126,203.73856320041438,1.0003085191655126,frenet,2,75cc5af0a06a05f20a2f844fba201f906e5d2a5ddea9e58133860400f27a2444,ppo-medium-frenet-seed-2,115.02337199970498,500000
medium,ppo,1.0,0.0,1,1.0,1.0001546777331776,211.6127229669251,1.0001546777331776,frenet,2,75cc5af0a06a05f20a2f844fba201f906e5d2a5ddea9e58133860400f27a2444,ppo-medium-frenet-seed-2,171.57084599972586,750000
medium,ppo,1.0,0.0,1,1.0,1.0002927207809673,211.1173771873332,1.0002927207809673,frenet,3,54787958599a3761cc0cb309cbd4d031abb7c33e57f8c97ea287de87c4409ecf,ppo-medium-frenet-seed-3,233.1855809997396,1000000
medium,ppo,1.0,0.0,1,1.0,1.0001433887307618,209.62046988646023,1.0001433887307618,frenet,3,54787958599a3761cc0cb309cbd4d031abb7c33e57f8c97ea287de87c4409ecf,ppo-medium-frenet-seed-3,484.63410459934676,2000000
medium,ppo,1.0,0.0,1,1.0,1.0000317857535854,233.9375090057215,1.0000317857535854,frenet,3,54787958599a3761cc0cb309cbd4d031abb7c33e57f8c97ea287de87c4409ecf,ppo-medium-frenet-seed-3,57.180469599690696,250000
medium,ppo,1.0,0.0,1,1.0,1.0004066023531974,229.83443635598076,1.0004066023531974,frenet,3,54787958599a3761cc0cb309cbd4d031abb7c33e57f8c97ea287de87c4409ecf,ppo-medium-frenet-seed-3,115.08604889959679,500000
medium,ppo,1.0,0.0,1,1.0,1.0002719846743449,217.51359085241506,1.0002719846743449,frenet,3,54787958599a3761cc0cb309cbd4d031abb7c33e57f8c97ea287de87c4409ecf,ppo-medium-frenet-seed-3,173.0595214998466,750000
medium,ppo,1.0,0.0,1,1.0,1.0003035878121167,224.57214510407792,1.0003035878121167,frenet,4,4de564aac03461fe3669f249357cda2289db12b76262f4c0077346b261fc34eb,ppo-medium-frenet-seed-4,260.1066408007573,1000000
medium,ppo,1.0,0.0,1,1.0,1.0000676683646237,226.5648663819739,1.0000676683646237,frenet,4,4de564aac03461fe3669f249357cda2289db12b76262f4c0077346b261fc34eb,ppo-medium-frenet-seed-4,493.6467157014122,2000000
medium,ppo,1.0,0.0,1,1.0,1.0000306715266314,230.2506017187153,1.0000306715266314,frenet,4,4de564aac03461fe3669f249357cda2289db12b76262f4c0077346b261fc34eb,ppo-medium-frenet-seed-4,65.8613231000636,250000
medium,ppo,1.0,0.0,1,1.0,1.0003323092261456,227.5308806723485,1.0003323092261456,frenet,4,4de564aac03461fe3669f249357cda2289db12b76262f4c0077346b261fc34eb,ppo-medium-frenet-seed-4,131.0270108005643,500000
medium,ppo,1.0,0.0,1,1.0,1.0000807549786546,228.28772458209102,1.0000807549786546,frenet,4,4de564aac03461fe3669f249357cda2289db12b76262f4c0077346b261fc34eb,ppo-medium-frenet-seed-4,196.02267760077666,750000
small,ppo,1.0,0.0,1,1.0,1.0001017780294876,212.90226738305438,1.0001017780294876,frenet,0,199c0af2a7710f13f08378d9708646f4068fddd3f2eaecd85ce60cdf220012ae,ppo-small-frenet-seed-0,223.02227379907708,1000000
small,ppo,1.0,0.0,1,1.0,1.0003830494337622,221.59671785267724,1.0003830494337622,frenet,0,199c0af2a7710f13f08378d9708646f4068fddd3f2eaecd85ce60cdf220012ae,ppo-small-frenet-seed-0,445.09091919867933,2000000
small,ppo,1.0,0.0,1,1.0,1.0003130188932312,220.79610273446607,1.0003130188932312,frenet,0,199c0af2a7710f13f08378d9708646f4068fddd3f2eaecd85ce60cdf220012ae,ppo-small-frenet-seed-0,55.84231889970033,250000
small,ppo,1.0,0.0,1,1.0,1.0003253817778959,217.6344975430444,1.0003253817778959,frenet,0,199c0af2a7710f13f08378d9708646f4068fddd3f2eaecd85ce60cdf220012ae,ppo-small-frenet-seed-0,111.39553239958695,500000
small,ppo,1.0,0.0,1,1.0,1.0003119274327874,217.77194864090686,1.0003119274327874,frenet,0,199c0af2a7710f13f08378d9708646f4068fddd3f2eaecd85ce60cdf220012ae,ppo-small-frenet-seed-0,167.13236059899282,750000
small,ppo,1.0,0.0,1,1.0,1.0000316548113963,200.95427112640132,1.0000316548113963,frenet,1,0c9544245da5752f6996c41565a8908e40e3e5d96368f03ad1986e2917935d9e,ppo-small-frenet-seed-1,222.99577419946945,1000000
small,ppo,0.0,1.0,1,0.0,0.9200022710281784,64.72601541852977,0.9200022710281784,frenet,1,0c9544245da5752f6996c41565a8908e40e3e5d96368f03ad1986e2917935d9e,ppo-small-frenet-seed-1,445.3197060995408,2000000
small,ppo,1.0,0.0,1,1.0,1.0002082006167359,218.8435531825782,1.0002082006167359,frenet,1,0c9544245da5752f6996c41565a8908e40e3e5d96368f03ad1986e2917935d9e,ppo-small-frenet-seed-1,55.71984070005419,250000
small,ppo,1.0,0.0,1,1.0,1.0002730326113727,224.6487896096295,1.0002730326113727,frenet,1,0c9544245da5752f6996c41565a8908e40e3e5d96368f03ad1986e2917935d9e,ppo-small-frenet-seed-1,111.5269772001302,500000
small,ppo,0.0,1.0,1,0.0,0.9134317739643562,62.47544890889077,0.9134317739643562,frenet,1,0c9544245da5752f6996c41565a8908e40e3e5d96368f03ad1986e2917935d9e,ppo-small-frenet-seed-1,167.22167479998097,750000
small,ppo,1.0,0.0,1,1.0,1.000094132442255,219.9503995506643,1.000094132442255,frenet,2,b6c2179cf95cb4a2e1f3a74d4fad4e2c9a3fb935b4c7136b17a51c02d6f217e1,ppo-small-frenet-seed-2,223.70749630067075,1000000
small,ppo,1.0,0.0,1,1.0,1.0002258456172761,207.83169676966205,1.0002258456172761,frenet,2,b6c2179cf95cb4a2e1f3a74d4fad4e2c9a3fb935b4c7136b17a51c02d6f217e1,ppo-small-frenet-seed-2,454.5283636008753,2000000
small,ppo,1.0,0.0,1,1.0,1.0003538820780629,229.4254695395467,1.0003538820780629,frenet,2,b6c2179cf95cb4a2e1f3a74d4fad4e2c9a3fb935b4c7136b17a51c02d6f217e1,ppo-small-frenet-seed-2,56.52901689994542,250000
small,ppo,1.0,0.0,1,1.0,1.0000796564508143,221.38707453202093,1.0000796564508143,frenet,2,b6c2179cf95cb4a2e1f3a74d4fad4e2c9a3fb935b4c7136b17a51c02d6f217e1,ppo-small-frenet-seed-2,112.20511860007537,500000
small,ppo,1.0,0.0,1,1.0,1.0000351088970676,219.76097399519045,1.0000351088970676,frenet,2,b6c2179cf95cb4a2e1f3a74d4fad4e2c9a3fb935b4c7136b17a51c02d6f217e1,ppo-small-frenet-seed-2,167.80590320007468,750000
small,ppo,1.0,0.0,1,1.0,1.0003332057626482,213.94848962022792,1.0003332057626482,frenet,3,5cf0a35034f2d1461fabe5694cd861d11452a0d1dc5b60057a6fb2457eff8521,ppo-small-frenet-seed-3,224.79214840033092,1000000
small,ppo,1.0,0.0,1,1.0,1.0002918972138093,211.3301366123202,1.0002918972138093,frenet,3,5cf0a35034f2d1461fabe5694cd861d11452a0d1dc5b60057a6fb2457eff8521,ppo-small-frenet-seed-3,448.0120254000867,2000000
small,ppo,1.0,0.0,1,1.0,1.0003041740854661,216.369327822467,1.0003041740854661,frenet,3,5cf0a35034f2d1461fabe5694cd861d11452a0d1dc5b60057a6fb2457eff8521,ppo-small-frenet-seed-3,57.73727790029443,250000
small,ppo,1.0,0.0,1,1.0,1.000037347556785,216.22488269779785,1.000037347556785,frenet,3,5cf0a35034f2d1461fabe5694cd861d11452a0d1dc5b60057a6fb2457eff8521,ppo-small-frenet-seed-3,113.6377159003896,500000
small,ppo,1.0,0.0,1,1.0,1.0000694740143565,199.2466132798862,1.0000694740143565,frenet,3,5cf0a35034f2d1461fabe5694cd861d11452a0d1dc5b60057a6fb2457eff8521,ppo-small-frenet-seed-3,169.10037520042897,750000
small,ppo,1.0,0.0,1,1.0,1.0000860994844796,229.48700736141623,1.0000860994844796,frenet,4,3ce0a3efd263ead80a77850c510ee871117be3960603a4120c15822d8f38472a,ppo-small-frenet-seed-4,228.1588459997074,1000000
small,ppo,1.0,0.0,1,1.0,1.0000346851509092,230.25019651247203,1.0000346851509092,frenet,4,3ce0a3efd263ead80a77850c510ee871117be3960603a4120c15822d8f38472a,ppo-small-frenet-seed-4,469.0317553995592,2000000
small,ppo,1.0,0.0,1,1.0,1.000075154531352,220.48701163972652,1.000075154531352,frenet,4,3ce0a3efd263ead80a77850c510ee871117be3960603a4120c15822d8f38472a,ppo-small-frenet-seed-4,56.86751839979479,250000
small,ppo,1.0,0.0,1,1.0,1.0002272652863151,225.86206718841717,1.0002272652863151,frenet,4,3ce0a3efd263ead80a77850c510ee871117be3960603a4120c15822d8f38472a,ppo-small-frenet-seed-4,113.26543239986495,500000
small,ppo,1.0,0.0,1,1.0,1.0000201993867939,227.91315124484944,1.0000201993867939,frenet,4,3ce0a3efd263ead80a77850c510ee871117be3960603a4120c15822d8f38472a,ppo-small-frenet-seed-4,169.23535700012144,750000
tiny,ppo,1.0,0.0,1,1.0,1.0002782022790941,213.74454729773987,1.0002782022790941,frenet,0,00704b74c915c02857df779dfa723c4096265236b51f2f46e09923454a521e5f,ppo-tiny-frenet-seed-0,229.18149170019387,1000000
tiny,ppo,1.0,0.0,1,1.0,1.0001166509071924,215.4551443575469,1.0001166509071924,frenet,0,00704b74c915c02857df779dfa723c4096265236b51f2f46e09923454a521e5f,ppo-tiny-frenet-seed-0,465.96132060111995,2000000
tiny,ppo,1.0,0.0,1,1.0,1.0002959953807944,217.59245789293567,1.0002959953807944,frenet,0,00704b74c915c02857df779dfa723c4096265236b51f2f46e09923454a521e5f,ppo-tiny-frenet-seed-0,57.22199170003296,250000
tiny,ppo,1.0,0.0,1,1.0,1.0003061641103812,210.72833886868483,1.0003061641103812,frenet,0,00704b74c915c02857df779dfa723c4096265236b51f2f46e09923454a521e5f,ppo-tiny-frenet-seed-0,114.43837020015417,500000
tiny,ppo,1.0,0.0,1,1.0,1.0002798285696566,210.93927423380916,1.0002798285696566,frenet,0,00704b74c915c02857df779dfa723c4096265236b51f2f46e09923454a521e5f,ppo-tiny-frenet-seed-0,171.31693640008234,750000
tiny,ppo,1.0,0.0,1,1.0,1.000277995502797,203.0149191633821,1.000277995502797,frenet,1,06638f49c1b86f9210dd5a581cc971381c9194c8f1e88327bf2673ec1eb6aea9,ppo-tiny-frenet-seed-1,232.48840780081446,1000000
tiny,ppo,1.0,0.0,1,1.0,1.000196523349629,219.02019790200956,1.000196523349629,frenet,1,06638f49c1b86f9210dd5a581cc971381c9194c8f1e88327bf2673ec1eb6aea9,ppo-tiny-frenet-seed-1,475.75980730143783,2000000
tiny,ppo,0.0,1.0,1,0.0,0.6902953419339504,45.66115446835427,0.6902953419339504,frenet,1,06638f49c1b86f9210dd5a581cc971381c9194c8f1e88327bf2673ec1eb6aea9,ppo-tiny-frenet-seed-1,57.69580950084128,250000
tiny,ppo,1.0,0.0,1,1.0,1.0001139252617444,194.90477528810794,1.0001139252617444,frenet,1,06638f49c1b86f9210dd5a581cc971381c9194c8f1e88327bf2673ec1eb6aea9,ppo-tiny-frenet-seed-1,115.00940580114184,500000
tiny,ppo,1.0,0.0,1,1.0,1.0003566385378821,206.94549463052317,1.0003566385378821,frenet,1,06638f49c1b86f9210dd5a581cc971381c9194c8f1e88327bf2673ec1eb6aea9,ppo-tiny-frenet-seed-1,172.8302315009496,750000
tiny,ppo,1.0,0.0,1,1.0,1.0001859615108712,202.0488033775694,1.0001859615108712,frenet,2,bdc57a29bd5600288211052b069682ecb674d13e9df98f7a9eda2d34a3f7f6fd,ppo-tiny-frenet-seed-2,225.13337829943703,1000000
tiny,ppo,1.0,0.0,1,1.0,1.0001121949626126,215.8123160058939,1.0001121949626126,frenet,2,bdc57a29bd5600288211052b069682ecb674d13e9df98f7a9eda2d34a3f7f6fd,ppo-tiny-frenet-seed-2,452.3565487995511,2000000
tiny,ppo,1.0,0.0,1,1.0,1.0001201199044378,218.83582603969143,1.0001201199044378,frenet,2,bdc57a29bd5600288211052b069682ecb674d13e9df98f7a9eda2d34a3f7f6fd,ppo-tiny-frenet-seed-2,56.320163299678825,250000
tiny,ppo,1.0,0.0,1,1.0,1.0001408542644021,211.0662532025196,1.0001408542644021,frenet,2,bdc57a29bd5600288211052b069682ecb674d13e9df98f7a9eda2d34a3f7f6fd,ppo-tiny-frenet-seed-2,112.58826149982633,500000
tiny,ppo,1.0,0.0,1,1.0,1.0000797080998927,208.18252562462595,1.0000797080998927,frenet,2,bdc57a29bd5600288211052b069682ecb674d13e9df98f7a9eda2d34a3f7f6fd,ppo-tiny-frenet-seed-2,168.80527669954608,750000
tiny,ppo,1.0,0.0,1,1.0,1.000032953368611,213.28683594231921,1.000032953368611,frenet,3,4b17f97f52e90e10a04da918820c9a8c37de50481e915636869b8c0e094bdb40,ppo-tiny-frenet-seed-3,230.82935960009854,1000000
tiny,ppo,1.0,0.0,1,1.0,1.000204405247809,209.05713752623643,1.000204405247809,frenet,3,4b17f97f52e90e10a04da918820c9a8c37de50481e915636869b8c0e094bdb40,ppo-tiny-frenet-seed-3,464.5050151999021,2000000
tiny,ppo,1.0,0.0,1,1.0,1.0002233314741045,225.9653124871725,1.0002233314741045,frenet,3,4b17f97f52e90e10a04da918820c9a8c37de50481e915636869b8c0e094bdb40,ppo-tiny-frenet-seed-3,58.086232999976346,250000
tiny,ppo,1.0,0.0,1,1.0,1.000174408072108,224.23814613728638,1.000174408072108,frenet,3,4b17f97f52e90e10a04da918820c9a8c37de50481e915636869b8c0e094bdb40,ppo-tiny-frenet-seed-3,114.2406941999252,500000
tiny,ppo,1.0,0.0,1,1.0,1.000210150465134,219.42203793015236,1.000210150465134,frenet,3,4b17f97f52e90e10a04da918820c9a8c37de50481e915636869b8c0e094bdb40,ppo-tiny-frenet-seed-3,174.5754147999105,750000
tiny,ppo,1.0,0.0,1,1.0,1.0001548334898134,223.61866536064224,1.0001548334898134,frenet,4,afe16b246ade53826e0bd0c717ff46897af7b45258b5753792b73f8c176329b2,ppo-tiny-frenet-seed-4,230.16144790069666,1000000
tiny,ppo,1.0,0.0,1,1.0,1.0001802381954359,219.16910714194444,1.0001802381954359,frenet,4,afe16b246ade53826e0bd0c717ff46897af7b45258b5753792b73f8c176329b2,ppo-tiny-frenet-seed-4,455.5634544007844,2000000
tiny,ppo,1.0,0.0,1,1.0,1.000307892237814,228.1626581486354,1.000307892237814,frenet,4,afe16b246ade53826e0bd0c717ff46897af7b45258b5753792b73f8c176329b2,ppo-tiny-frenet-seed-4,57.313408200298,250000
tiny,ppo,0.0,1.0,1,0.0,0.06578369471348373,-1.4897815920210578,0.06578369471348373,frenet,4,afe16b246ade53826e0bd0c717ff46897af7b45258b5753792b73f8c176329b2,ppo-tiny-frenet-seed-4,114.1556187006172,500000
tiny,ppo,1.0,0.0,1,1.0,1.0000015882911064,223.2438021421295,1.0000015882911064,frenet,4,afe16b246ade53826e0bd0c717ff46897af7b45258b5753792b73f8c176329b2,ppo-tiny-frenet-seed-4,171.53190960022766,750000
large,reinforce,1.0,0.0,1,1.0,1.0000776082169442,207.8560813119662,1.0000776082169442,frenet,0,2b584c4216d509e42358caac51f2436dea37758a1bf7a8e043f0a2b09c38b815,reinforce-large-frenet-seed-0,163.21844810001676,1000000
large,reinforce,1.0,0.0,1,1.0,1.0003367254282207,199.42536260258385,1.0003367254282207,frenet,0,2b584c4216d509e42358caac51f2436dea37758a1bf7a8e043f0a2b09c38b815,reinforce-large-frenet-seed-0,322.227174500249,2000000
large,reinforce,0.0,1.0,1,0.0,0.5457594558648939,33.54148945895444,0.5457594558648939,frenet,0,2b584c4216d509e42358caac51f2436dea37758a1bf7a8e043f0a2b09c38b815,reinforce-large-frenet-seed-0,46.08514839993586,250000
large,reinforce,1.0,0.0,1,1.0,1.0001572991854644,198.80930596976413,1.0001572991854644,frenet,0,2b584c4216d509e42358caac51f2436dea37758a1bf7a8e043f0a2b09c38b815,reinforce-large-frenet-seed-0,85.58350119978604,500000
large,reinforce,1.0,0.0,1,1.0,1.0002245157333531,201.21403548737936,1.0002245157333531,frenet,0,2b584c4216d509e42358caac51f2436dea37758a1bf7a8e043f0a2b09c38b815,reinforce-large-frenet-seed-0,124.02305149989479,750000
large,reinforce,1.0,0.0,1,1.0,1.0001262181010309,202.05301156281297,1.0001262181010309,frenet,1,d7fadb481c0451885599d6ec3715e699c44780669ba8465fdd12273f99cbf9c5,reinforce-large-frenet-seed-1,172.51339049984745,1000000
large,reinforce,1.0,0.0,1,1.0,1.000147376181931,218.03969128829357,1.000147376181931,frenet,1,d7fadb481c0451885599d6ec3715e699c44780669ba8465fdd12273f99cbf9c5,reinforce-large-frenet-seed-1,362.818995300031,2000000
large,reinforce,0.0,1.0,1,0.0,0.5510206349139414,33.10394976773709,0.5510206349139414,frenet,1,d7fadb481c0451885599d6ec3715e699c44780669ba8465fdd12273f99cbf9c5,reinforce-large-frenet-seed-1,46.034951399893544,250000
large,reinforce,1.0,0.0,1,1.0,1.0003386070567757,200.25616198301228,1.0003386070567757,frenet,1,d7fadb481c0451885599d6ec3715e699c44780669ba8465fdd12273f99cbf9c5,reinforce-large-frenet-seed-1,88.85630619979929,500000
large,reinforce,1.0,0.0,1,1.0,1.000090176073362,211.5713863907461,1.000090176073362,frenet,1,d7fadb481c0451885599d6ec3715e699c44780669ba8465fdd12273f99cbf9c5,reinforce-large-frenet-seed-1,130.24727729984443,750000
large,reinforce,0.0,0.0,1,0.0,0.0,-40.0,0.0,frenet,2,7dc85ab873a3f577716854355ded242a5146adccabc1114c223315d9eb2d6387,reinforce-large-frenet-seed-2,267.98867789963333,1000000
large,reinforce,0.0,1.0,1,0.0,0.012120517411320659,-5.2360220974994025,0.012120517411320659,frenet,2,7dc85ab873a3f577716854355ded242a5146adccabc1114c223315d9eb2d6387,reinforce-large-frenet-seed-2,513.922052099535,2000000
large,reinforce,0.0,1.0,1,0.0,0.012097351807634585,-5.242981522752228,0.012097351807634585,frenet,2,7dc85ab873a3f577716854355ded242a5146adccabc1114c223315d9eb2d6387,reinforce-large-frenet-seed-2,70.2757776998169,250000
large,reinforce,0.0,1.0,1,0.0,0.012114835323412773,-5.240916566026317,0.012114835323412773,frenet,2,7dc85ab873a3f577716854355ded242a5146adccabc1114c223315d9eb2d6387,reinforce-large-frenet-seed-2,135.0769697999549,500000
large,reinforce,0.0,1.0,1,0.0,0.012120501128721482,-5.236023913759036,0.012120501128721482,frenet,2,7dc85ab873a3f577716854355ded242a5146adccabc1114c223315d9eb2d6387,reinforce-large-frenet-seed-2,202.26365139996778,750000
large,reinforce,1.0,0.0,1,1.0,1.0002353831059867,184.1211371413179,1.0002353831059867,frenet,3,f719434ca0b83d72077813bdb9590194e2d48e9698090049b676728f8d7ff6a3,reinforce-large-frenet-seed-3,175.3633332004556,1000000
large,reinforce,1.0,0.0,1,1.0,1.0002592930133103,183.6151693039415,1.0002592930133103,frenet,3,f719434ca0b83d72077813bdb9590194e2d48e9698090049b676728f8d7ff6a3,reinforce-large-frenet-seed-3,329.0423306999219,2000000
large,reinforce,0.0,1.0,1,0.0,0.48598265386489364,27.787332449631997,0.48598265386489364,frenet,3,f719434ca0b83d72077813bdb9590194e2d48e9698090049b676728f8d7ff6a3,reinforce-large-frenet-seed-3,55.89093750024222,250000
large,reinforce,0.0,1.0,1,0.0,0.9688771428903892,61.992433597730766,0.9688771428903892,frenet,3,f719434ca0b83d72077813bdb9590194e2d48e9698090049b676728f8d7ff6a3,reinforce-large-frenet-seed-3,96.60076770047817,500000
large,reinforce,1.0,0.0,1,1.0,1.000076507117652,187.7083047833773,1.000076507117652,frenet,3,f719434ca0b83d72077813bdb9590194e2d48e9698090049b676728f8d7ff6a3,reinforce-large-frenet-seed-3,137.02173340055197,750000
large,reinforce,1.0,0.0,1,1.0,1.0001238706653546,201.01968236529595,1.0001238706653546,frenet,4,3a219959cb3ae9d7d6d7b6c9ad915e535398700ede8ddee5071420f3e2a85d89,reinforce-large-frenet-seed-4,177.56437200028085,1000000
large,reinforce,1.0,0.0,1,1.0,1.0000291946292632,199.43088076057032,1.0000291946292632,frenet,4,3a219959cb3ae9d7d6d7b6c9ad915e535398700ede8ddee5071420f3e2a85d89,reinforce-large-frenet-seed-4,335.9035937002518,2000000
large,reinforce,1.0,0.0,1,1.0,1.000050671320275,188.27419532009742,1.000050671320275,frenet,4,3a219959cb3ae9d7d6d7b6c9ad915e535398700ede8ddee5071420f3e2a85d89,reinforce-large-frenet-seed-4,51.75401670002066,250000
large,reinforce,1.0,0.0,1,1.0,1.0000263586030618,196.83944150457597,1.0000263586030618,frenet,4,3a219959cb3ae9d7d6d7b6c9ad915e535398700ede8ddee5071420f3e2a85d89,reinforce-large-frenet-seed-4,89.63602050009285,500000
large,reinforce,1.0,0.0,1,1.0,1.0000253301954678,199.93024715247222,1.0000253301954678,frenet,4,3a219959cb3ae9d7d6d7b6c9ad915e535398700ede8ddee5071420f3e2a85d89,reinforce-large-frenet-seed-4,132.3699645001161,750000
medium,reinforce,1.0,0.0,1,1.0,1.0002358456918303,204.0596850723863,1.0002358456918303,frenet,0,a287e059d76cbcb4de17a06c1fddaa3e148aee847fc19a38341e1c6ea77cecc2,reinforce-medium-frenet-seed-0,151.50298359986664,1000000
medium,reinforce,1.0,0.0,1,1.0,1.0000279257667946,211.12793272931796,1.0000279257667946,frenet,0,a287e059d76cbcb4de17a06c1fddaa3e148aee847fc19a38341e1c6ea77cecc2,reinforce-medium-frenet-seed-0,294.90768939952795,2000000
medium,reinforce,1.0,0.0,1,1.0,1.0001805640865136,202.941501142208,1.0001805640865136,frenet,0,a287e059d76cbcb4de17a06c1fddaa3e148aee847fc19a38341e1c6ea77cecc2,reinforce-medium-frenet-seed-0,49.78557129996079,250000
medium,reinforce,1.0,0.0,1,1.0,1.0000274591267788,206.38330808834664,1.0000274591267788,frenet,0,a287e059d76cbcb4de17a06c1fddaa3e148aee847fc19a38341e1c6ea77cecc2,reinforce-medium-frenet-seed-0,83.65816039989477,500000
medium,reinforce,1.0,0.0,1,1.0,1.0000692645645524,206.09298311245328,1.0000692645645524,frenet,0,a287e059d76cbcb4de17a06c1fddaa3e148aee847fc19a38341e1c6ea77cecc2,reinforce-medium-frenet-seed-0,117.84780549983225,750000
medium,reinforce,1.0,0.0,1,1.0,1.0002341285673737,204.48909549856924,1.0002341285673737,frenet,1,881ef0e675eae851db597edd4b6ad9c76d59a3073d3651fd34eb8dfc963cf69f,reinforce-medium-frenet-seed-1,163.40169889970275,1000000
medium,reinforce,1.0,0.0,1,1.0,1.0000386897980011,203.8914244227842,1.0000386897980011,frenet,1,881ef0e675eae851db597edd4b6ad9c76d59a3073d3651fd34eb8dfc963cf69f,reinforce-medium-frenet-seed-1,311.451318099691,2000000
medium,reinforce,0.0,1.0,1,0.0,0.5087954915826468,30.073151154089274,0.5087954915826468,frenet,1,881ef0e675eae851db597edd4b6ad9c76d59a3073d3651fd34eb8dfc963cf69f,reinforce-medium-frenet-seed-1,50.75187309972898,250000
medium,reinforce,0.0,1.0,1,0.0,0.6792699088431674,43.247969808222635,0.6792699088431674,frenet,1,881ef0e675eae851db597edd4b6ad9c76d59a3073d3651fd34eb8dfc963cf69f,reinforce-medium-frenet-seed-1,89.55466869970041,500000
medium,reinforce,1.0,0.0,1,1.0,1.0001715084576124,205.81527167253714,1.0001715084576124,frenet,1,881ef0e675eae851db597edd4b6ad9c76d59a3073d3651fd34eb8dfc963cf69f,reinforce-medium-frenet-seed-1,126.471716999622,750000
medium,reinforce,1.0,0.0,1,1.0,1.0001337301989497,195.9599602386447,1.0001337301989497,frenet,2,dbe9d1b42ad079bec283ec48de3187203741846399f665ca9b2ee046d4536247,reinforce-medium-frenet-seed-2,166.97150780036645,1000000
medium,reinforce,1.0,0.0,1,1.0,1.0002647756386247,199.00524551346655,1.0002647756386247,frenet,2,dbe9d1b42ad079bec283ec48de3187203741846399f665ca9b2ee046d4536247,reinforce-medium-frenet-seed-2,315.90989350005293,2000000
medium,reinforce,0.0,1.0,1,0.0,0.547288243751837,32.89708397029729,0.547288243751837,frenet,2,dbe9d1b42ad079bec283ec48de3187203741846399f665ca9b2ee046d4536247,reinforce-medium-frenet-seed-2,50.881266800151934,250000
medium,reinforce,0.0,1.0,1,0.0,0.5523684075400372,32.68990928789618,0.5523684075400372,frenet,2,dbe9d1b42ad079bec283ec48de3187203741846399f665ca9b2ee046d4536247,reinforce-medium-frenet-seed-2,89.56986600030905,500000
medium,reinforce,1.0,0.0,1,1.0,1.000125383974685,199.72963852238814,1.000125383974685,frenet,2,dbe9d1b42ad079bec283ec48de3187203741846399f665ca9b2ee046d4536247,reinforce-medium-frenet-seed-2,128.68484930046725,750000
medium,reinforce,1.0,0.0,1,1.0,1.0002771005131328,197.44159992493013,1.0002771005131328,frenet,3,e3a663f4f613b2ab35debf81cbc71e19a1ce7027b9ab194c878b770b627ba5fd,reinforce-medium-frenet-seed-3,161.6693428996914,1000000
medium,reinforce,1.0,0.0,1,1.0,1.0000754557244271,193.03902042808045,1.0000754557244271,frenet,3,e3a663f4f613b2ab35debf81cbc71e19a1ce7027b9ab194c878b770b627ba5fd,reinforce-medium-frenet-seed-3,301.91338659969733,2000000
medium,reinforce,0.0,1.0,1,0.0,0.5525301741721876,33.098761479424006,0.5525301741721876,frenet,3,e3a663f4f613b2ab35debf81cbc71e19a1ce7027b9ab194c878b770b627ba5fd,reinforce-medium-frenet-seed-3,50.9412669999183,250000
medium,reinforce,1.0,0.0,1,1.0,1.0002144483852364,207.9684144234244,1.0002144483852364,frenet,3,e3a663f4f613b2ab35debf81cbc71e19a1ce7027b9ab194c878b770b627ba5fd,reinforce-medium-frenet-seed-3,87.75333769967256,500000
medium,reinforce,1.0,0.0,1,1.0,1.0000461766985815,198.10250213743302,1.0000461766985815,frenet,3,e3a663f4f613b2ab35debf81cbc71e19a1ce7027b9ab194c878b770b627ba5fd,reinforce-medium-frenet-seed-3,125.2254632995755,750000
medium,reinforce,0.0,1.0,1,0.0,0.6851322987537847,45.11324742033019,0.6851322987537847,frenet,4,f95004f947b94c96d0960622ee3d8bfba7ebb12bed791cd45e22168d8cf0a6de,reinforce-medium-frenet-seed-4,156.13389989991447,1000000
medium,reinforce,1.0,0.0,1,1.0,1.0000135364697702,219.5099031278888,1.0000135364697702,frenet,4,f95004f947b94c96d0960622ee3d8bfba7ebb12bed791cd45e22168d8cf0a6de,reinforce-medium-frenet-seed-4,301.65747570010535,2000000
medium,reinforce,0.0,1.0,1,0.0,0.5469441818248815,33.57773133395972,0.5469441818248815,frenet,4,f95004f947b94c96d0960622ee3d8bfba7ebb12bed791cd45e22168d8cf0a6de,reinforce-medium-frenet-seed-4,49.12877640001534,250000
medium,reinforce,1.0,0.0,1,1.0,1.0003219044056106,207.48623308750786,1.0003219044056106,frenet,4,f95004f947b94c96d0960622ee3d8bfba7ebb12bed791cd45e22168d8cf0a6de,reinforce-medium-frenet-seed-4,85.03675670011035,500000
medium,reinforce,1.0,0.0,1,1.0,1.0002945092693545,200.71578108403145,1.0002945092693545,frenet,4,f95004f947b94c96d0960622ee3d8bfba7ebb12bed791cd45e22168d8cf0a6de,reinforce-medium-frenet-seed-4,120.48254139995515,750000
small,reinforce,1.0,0.0,1,1.0,1.0000070769100988,205.5082956559994,1.0000070769100988,frenet,0,4abed69fc061686c68297bde0bcd34ccc6b941da4cbd29aacb4f81c9a5b07c21,reinforce-small-frenet-seed-0,167.33079679993352,1000000
small,reinforce,1.0,0.0,1,1.0,1.0000201266970676,198.63904336675944,1.0000201266970676,frenet,0,4abed69fc061686c68297bde0bcd34ccc6b941da4cbd29aacb4f81c9a5b07c21,reinforce-small-frenet-seed-0,313.8059908001542,2000000
small,reinforce,0.0,1.0,1,0.0,0.5403681935330598,31.762473151767963,0.5403681935330598,frenet,0,4abed69fc061686c68297bde0bcd34ccc6b941da4cbd29aacb4f81c9a5b07c21,reinforce-small-frenet-seed-0,53.207720799848175,250000
small,reinforce,0.0,1.0,1,0.0,0.9625339607809329,62.45667028055138,0.9625339607809329,frenet,0,4abed69fc061686c68297bde0bcd34ccc6b941da4cbd29aacb4f81c9a5b07c21,reinforce-small-frenet-seed-0,90.89669099968705,500000
small,reinforce,1.0,0.0,1,1.0,1.000178800883196,205.56235749093983,1.000178800883196,frenet,0,4abed69fc061686c68297bde0bcd34ccc6b941da4cbd29aacb4f81c9a5b07c21,reinforce-small-frenet-seed-0,128.2483866998209,750000
small,reinforce,1.0,0.0,1,1.0,1.0000333147978957,210.8434900247433,1.0000333147978957,frenet,1,38369d2a7cd2a8a80335908d6b584637acffc0b6b7669f3add6440a9a7284cb1,reinforce-small-frenet-seed-1,166.68726049987708,1000000
small,reinforce,1.0,0.0,1,1.0,1.0002186856261133,218.2376964743218,1.0002186856261133,frenet,1,38369d2a7cd2a8a80335908d6b584637acffc0b6b7669f3add6440a9a7284cb1,reinforce-small-frenet-seed-1,314.8584848999544,2000000
small,reinforce,0.0,1.0,1,0.0,0.5514159618000134,34.47009107970052,0.5514159618000134,frenet,1,38369d2a7cd2a8a80335908d6b584637acffc0b6b7669f3add6440a9a7284cb1,reinforce-small-frenet-seed-1,55.33503479988394,250000
small,reinforce,1.0,0.0,1,1.0,1.000309701442509,208.89388713756134,1.000309701442509,frenet,1,38369d2a7cd2a8a80335908d6b584637acffc0b6b7669f3add6440a9a7284cb1,reinforce-small-frenet-seed-1,93.02115599961326,500000
small,reinforce,1.0,0.0,1,1.0,1.0000329860033659,205.5495844244814,1.0000329860033659,frenet,1,38369d2a7cd2a8a80335908d6b584637acffc0b6b7669f3add6440a9a7284cb1,reinforce-small-frenet-seed-1,129.83838919979644,750000
small,reinforce,1.0,0.0,1,1.0,1.0002980531318182,197.73844128510632,1.0002980531318182,frenet,2,d93ec759abb2c6c1b33247b331299c472fd0d8f467bd3ae3123b6b84ab3cc50a,reinforce-small-frenet-seed-2,170.9344012000165,1000000
small,reinforce,1.0,0.0,1,1.0,1.0001016985735165,197.81732771949157,1.0001016985735165,frenet,2,d93ec759abb2c6c1b33247b331299c472fd0d8f467bd3ae3123b6b84ab3cc50a,reinforce-small-frenet-seed-2,316.46776310033783,2000000
small,reinforce,0.0,1.0,1,0.0,0.5497875487956739,34.38628002554835,0.5497875487956739,frenet,2,d93ec759abb2c6c1b33247b331299c472fd0d8f467bd3ae3123b6b84ab3cc50a,reinforce-small-frenet-seed-2,55.49696889965344,250000
small,reinforce,0.0,1.0,1,0.0,0.5532212584641688,33.85348936368092,0.5532212584641688,frenet,2,d93ec759abb2c6c1b33247b331299c472fd0d8f467bd3ae3123b6b84ab3cc50a,reinforce-small-frenet-seed-2,95.57274849977512,500000
small,reinforce,1.0,0.0,1,1.0,1.000088696332629,201.8551417495787,1.000088696332629,frenet,2,d93ec759abb2c6c1b33247b331299c472fd0d8f467bd3ae3123b6b84ab3cc50a,reinforce-small-frenet-seed-2,133.65973139973175,750000
small,reinforce,1.0,0.0,1,1.0,1.0002031309057735,204.92591256483823,1.0002031309057735,frenet,3,5c27f056d1dc16ed33c9b2b9d5551421fde838ea721304f043d8a83114854a06,reinforce-small-frenet-seed-3,167.41518070009988,1000000
small,reinforce,1.0,0.0,1,1.0,1.000008278794235,211.7371501048097,1.000008278794235,frenet,3,5c27f056d1dc16ed33c9b2b9d5551421fde838ea721304f043d8a83114854a06,reinforce-small-frenet-seed-3,315.4959971000899,2000000
small,reinforce,0.0,1.0,1,0.0,0.5635810065109269,34.19436784561444,0.5635810065109269,frenet,3,5c27f056d1dc16ed33c9b2b9d5551421fde838ea721304f043d8a83114854a06,reinforce-small-frenet-seed-3,54.315935899994656,250000
small,reinforce,1.0,0.0,1,1.0,1.0001306128614202,209.80128170100443,1.0001306128614202,frenet,3,5c27f056d1dc16ed33c9b2b9d5551421fde838ea721304f043d8a83114854a06,reinforce-small-frenet-seed-3,91.09965550003653,500000
small,reinforce,1.0,0.0,1,1.0,1.0001565881055805,208.6189016296638,1.0001565881055805,frenet,3,5c27f056d1dc16ed33c9b2b9d5551421fde838ea721304f043d8a83114854a06,reinforce-small-frenet-seed-3,128.23962759999267,750000
small,reinforce,1.0,0.0,1,1.0,1.000230277060482,211.64911615274718,1.000230277060482,frenet,4,afe84808b3538231e28124a060e0241407628efa9f0b77edd9e1787fae29d8c4,reinforce-small-frenet-seed-4,170.91970250068516,1000000
small,reinforce,1.0,0.0,1,1.0,1.0003074346885037,201.00812376390266,1.0003074346885037,frenet,4,afe84808b3538231e28124a060e0241407628efa9f0b77edd9e1787fae29d8c4,reinforce-small-frenet-seed-4,315.0295294006064,2000000
small,reinforce,0.0,1.0,1,0.0,0.5496336559232207,32.849655715111574,0.5496336559232207,frenet,4,afe84808b3538231e28124a060e0241407628efa9f0b77edd9e1787fae29d8c4,reinforce-small-frenet-seed-4,55.313347699904625,250000
small,reinforce,0.0,1.0,1,0.0,0.6802554982501328,42.868054695046105,0.6802554982501328,frenet,4,afe84808b3538231e28124a060e0241407628efa9f0b77edd9e1787fae29d8c4,reinforce-small-frenet-seed-4,94.93269649996546,500000
small,reinforce,1.0,0.0,1,1.0,1.0002036334997946,213.62565320914047,1.0002036334997946,frenet,4,afe84808b3538231e28124a060e0241407628efa9f0b77edd9e1787fae29d8c4,reinforce-small-frenet-seed-4,134.16083620023164,750000
tiny,reinforce,0.0,1.0,1,0.0,0.6720500267737957,42.97242426090109,0.6720500267737957,frenet,0,09930d4a4e4006a80e8119835f179702c3818a8c9e3271f721d66f996fde4383,reinforce-tiny-frenet-seed-0,145.44347420006488,1000000
tiny,reinforce,0.0,1.0,1,0.0,0.6750579969067029,43.06990417019588,0.6750579969067029,frenet,0,09930d4a4e4006a80e8119835f179702c3818a8c9e3271f721d66f996fde4383,reinforce-tiny-frenet-seed-0,261.93919540046045,2000000
tiny,reinforce,0.0,1.0,1,0.0,0.3553947551038953,19.235182522545518,0.3553947551038953,frenet,0,09930d4a4e4006a80e8119835f179702c3818a8c9e3271f721d66f996fde4383,reinforce-tiny-frenet-seed-0,47.47620049991929,250000
tiny,reinforce,0.0,1.0,1,0.0,0.5498618221688265,34.50219410386936,0.5498618221688265,frenet,0,09930d4a4e4006a80e8119835f179702c3818a8c9e3271f721d66f996fde4383,reinforce-tiny-frenet-seed-0,84.44786039992687,500000
tiny,reinforce,0.0,1.0,1,0.0,0.559509452887163,34.58355147591422,0.559509452887163,frenet,0,09930d4a4e4006a80e8119835f179702c3818a8c9e3271f721d66f996fde4383,reinforce-tiny-frenet-seed-0,115.68022249995192,750000
tiny,reinforce,1.0,0.0,1,1.0,1.0001502370541713,208.18601508816454,1.0001502370541713,frenet,1,409713b5313cce94bcd4353795eb9e09d4e5f91ece9d26f0fa47831d212662f2,reinforce-tiny-frenet-seed-1,180.15298700023777,1000000
tiny,reinforce,1.0,0.0,1,1.0,1.000124007367641,214.01418327213986,1.000124007367641,frenet,1,409713b5313cce94bcd4353795eb9e09d4e5f91ece9d26f0fa47831d212662f2,reinforce-tiny-frenet-seed-1,317.4187704006854,2000000
tiny,reinforce,0.0,1.0,1,0.0,0.09224439843090158,-1.1818802306458305,0.09224439843090158,frenet,1,409713b5313cce94bcd4353795eb9e09d4e5f91ece9d26f0fa47831d212662f2,reinforce-tiny-frenet-seed-1,54.338745000201016,250000
tiny,reinforce,0.0,1.0,1,0.0,0.5635687397512057,35.06943587275154,0.5635687397512057,frenet,1,409713b5313cce94bcd4353795eb9e09d4e5f91ece9d26f0fa47831d212662f2,reinforce-tiny-frenet-seed-1,105.29419090027659,500000
tiny,reinforce,1.0,0.0,1,1.0,1.0002287041207962,213.804257679381,1.0002287041207962,frenet,1,409713b5313cce94bcd4353795eb9e09d4e5f91ece9d26f0fa47831d212662f2,reinforce-tiny-frenet-seed-1,144.86185550021037,750000
tiny,reinforce,0.0,1.0,1,0.0,0.5619480511139777,34.55316417196888,0.5619480511139777,frenet,2,5abf1a9e61a887cb48b471cb5e27f121e8ce4c36b78c4a1c0a7d295d22f08842,reinforce-tiny-frenet-seed-2,177.9233586002847,1000000
tiny,reinforce,0.0,1.0,1,0.0,0.9692147454594928,65.04663439255886,0.9692147454594928,frenet,2,5abf1a9e61a887cb48b471cb5e27f121e8ce4c36b78c4a1c0a7d295d22f08842,reinforce-tiny-frenet-seed-2,317.704147900713,2000000
tiny,reinforce,0.0,1.0,1,0.0,0.15624741251015284,3.446807687675731,0.15624741251015284,frenet,2,5abf1a9e61a887cb48b471cb5e27f121e8ce4c36b78c4a1c0a7d295d22f08842,reinforce-tiny-frenet-seed-2,54.57178310033305,250000
tiny,reinforce,0.0,1.0,1,0.0,0.5537387089770566,34.3324972131485,0.5537387089770566,frenet,2,5abf1a9e61a887cb48b471cb5e27f121e8ce4c36b78c4a1c0a7d295d22f08842,reinforce-tiny-frenet-seed-2,99.78734090003672,500000
tiny,reinforce,0.0,1.0,1,0.0,0.5544013354584231,34.238958962052884,0.5544013354584231,frenet,2,5abf1a9e61a887cb48b471cb5e27f121e8ce4c36b78c4a1c0a7d295d22f08842,reinforce-tiny-frenet-seed-2,139.839365100137,750000
tiny,reinforce,1.0,0.0,1,1.0,1.0001286531107658,216.05389198706385,1.0001286531107658,frenet,3,86ce8f6351d887066dc061cef07897d2aa8a005d177ae0bfe66805bde89b27d9,reinforce-tiny-frenet-seed-3,163.26946919991315,1000000
tiny,reinforce,1.0,0.0,1,1.0,1.0001535742697725,214.44970692172268,1.0001535742697725,frenet,3,86ce8f6351d887066dc061cef07897d2aa8a005d177ae0bfe66805bde89b27d9,reinforce-tiny-frenet-seed-3,300.2625165995105,2000000
tiny,reinforce,0.0,1.0,1,0.0,0.21626675299096043,8.30745661832106,0.21626675299096043,frenet,3,86ce8f6351d887066dc061cef07897d2aa8a005d177ae0bfe66805bde89b27d9,reinforce-tiny-frenet-seed-3,52.59287989989207,250000
tiny,reinforce,0.0,1.0,1,0.0,0.5108032689569075,30.54331971154467,0.5108032689569075,frenet,3,86ce8f6351d887066dc061cef07897d2aa8a005d177ae0bfe66805bde89b27d9,reinforce-tiny-frenet-seed-3,94.87945109991233,500000
tiny,reinforce,0.0,1.0,1,0.0,0.6822835965815043,43.39330100217084,0.6822835965815043,frenet,3,86ce8f6351d887066dc061cef07897d2aa8a005d177ae0bfe66805bde89b27d9,reinforce-tiny-frenet-seed-3,129.5361787999136,750000
tiny,reinforce,0.0,1.0,1,0.0,0.694978880437917,44.337811622914174,0.694978880437917,frenet,4,9083cc05ee3dcca76920a797b39825eccb50e1cd7aecd551b7cf96ecb6ef7d7b,reinforce-tiny-frenet-seed-4,174.39872770039437,1000000
tiny,reinforce,0.0,1.0,1,0.0,0.6893808917775284,44.93591226270056,0.6893808917775284,frenet,4,9083cc05ee3dcca76920a797b39825eccb50e1cd7aecd551b7cf96ecb6ef7d7b,reinforce-tiny-frenet-seed-4,314.915715698824,2000000
tiny,reinforce,0.0,1.0,1,0.0,0.2873969464660089,13.194962464973905,0.2873969464660089,frenet,4,9083cc05ee3dcca76920a797b39825eccb50e1cd7aecd551b7cf96ecb6ef7d7b,reinforce-tiny-frenet-seed-4,54.793752500376286,250000
tiny,reinforce,0.0,1.0,1,0.0,0.5046334502382042,30.185774094522237,0.5046334502382042,frenet,4,9083cc05ee3dcca76920a797b39825eccb50e1cd7aecd551b7cf96ecb6ef7d7b,reinforce-tiny-frenet-seed-4,100.14412860034099,500000
tiny,reinforce,0.0,1.0,1,0.0,0.6849585048471938,43.739850125289415,0.6849585048471938,frenet,4,9083cc05ee3dcca76920a797b39825eccb50e1cd7aecd551b7cf96ecb6ef7d7b,reinforce-tiny-frenet-seed-4,137.3312482004676,750000
