actor_name,algorithm,braking_fraction,circuit_identity,circuit_seed,circuit_split,curvature_bin,lower_curvature,mean_absolute_steering,mean_speed,mean_throttle,observation_type,outcome,root_identity,run_id,sample_count,training_interactions,upper_curvature
large,a2c,0.34234234234234234,0,0,development,straight,0.0,0.2669476719923435,16.708377588052702,0.37277942245921214,frenet,completed,0,a2c-large-frenet-seed-0,333,2000000,1e-08
large,a2c,0.4583333333333333,0,0,development,curve_1,0.0,0.4309205883240793,18.1340040020658,0.21872170828282833,frenet,completed,0,a2c-large-frenet-seed-0,240,2000000,0.05485719880639534
large,a2c,0.5606936416184971,0,0,development,curve_2,0.05485719880639534,0.6350456676741987,18.56387478835975,0.0486151221883887,frenet,completed,0,a2c-large-frenet-seed-0,173,2000000,0.08331733356806285
large,a2c,0.25308641975308643,0,0,development,straight,0.0,0.5876220534498124,16.775783120185164,0.2183669962586812,frenet,completed,1,a2c-large-frenet-seed-1,324,2000000,1e-08
large,a2c,0.25925925925925924,0,0,development,curve_1,0.0,0.6173775872156223,18.109515922478533,0.1546536462895051,frenet,completed,1,a2c-large-frenet-seed-1,243,2000000,0.05485719880639534
large,a2c,0.3203463203463203,0,0,development,curve_2,0.05485719880639534,0.6190458713421897,17.455265533538384,0.1081677162447779,frenet,completed,1,a2c-large-frenet-seed-1,231,2000000,0.08331733356806285
large,a2c,0.24528301886792453,0,0,development,straight,0.0,0.6379768507549269,17.362203471980852,0.34507087042332635,frenet,completed,2,a2c-large-frenet-seed-2,318,2000000,1e-08
large,a2c,0.30327868852459017,0,0,development,curve_1,0.0,0.7721668905750314,18.219959258735035,0.23409274542851174,frenet,completed,2,a2c-large-frenet-seed-2,244,2000000,0.05485719880639534
large,a2c,0.558252427184466,0,0,development,curve_2,0.05485719880639534,0.9025416381078438,17.49737774311409,-0.03999623675939166,frenet,completed,2,a2c-large-frenet-seed-2,206,2000000,0.08331733356806285
large,a2c,0.1794871794871795,0,0,development,straight,0.0,0.3528942496363575,17.722708267717145,0.3187638468016536,frenet,completed,3,a2c-large-frenet-seed-3,312,2000000,1e-08
large,a2c,0.2818181818181818,0,0,development,curve_1,0.0,0.4197824084977831,19.23235969584339,0.18172127274817534,frenet,completed,3,a2c-large-frenet-seed-3,220,2000000,0.05485719880639534
large,a2c,0.5786163522012578,0,0,development,curve_2,0.05485719880639534,0.5943157674022438,18.85950098629301,-0.01088101542759804,frenet,completed,3,a2c-large-frenet-seed-3,159,2000000,0.08331733356806285
large,a2c,0.3821138211382114,0,0,development,straight,0.0,0.5885178987883274,14.945165632106654,0.249123721634641,frenet,completed,4,a2c-large-frenet-seed-4,369,2000000,1e-08
large,a2c,0.35294117647058826,0,0,development,curve_1,0.0,0.6022466710299554,15.755362004354451,0.18914172319722744,frenet,completed,4,a2c-large-frenet-seed-4,272,2000000,0.05485719880639534
large,a2c,0.3888888888888889,0,0,development,curve_2,0.05485719880639534,0.6262105267984096,14.483182195626764,0.1433834322831697,frenet,completed,4,a2c-large-frenet-seed-4,198,2000000,0.08331733356806285
medium,a2c,0.21481481481481482,0,0,development,straight,0.0,0.24571018908172845,20.37624927062335,0.3119773753655695,frenet,completed,0,a2c-medium-frenet-seed-0,270,2000000,1e-08
medium,a2c,0.28421052631578947,0,0,development,curve_1,0.0,0.3785382488154267,22.326499264709184,0.20381140583807505,frenet,completed,0,a2c-medium-frenet-seed-0,190,2000000,0.05485719880639534
medium,a2c,0.2198581560283688,0,0,development,curve_2,0.05485719880639534,0.6299329565454882,21.030990848129466,0.15563803410231045,frenet,completed,0,a2c-medium-frenet-seed-0,141,2000000,0.08331733356806285
medium,a2c,0.10921501706484642,0,0,development,straight,0.0,0.5477730973620515,19.05368901091385,0.42217807383129513,frenet,completed,1,a2c-medium-frenet-seed-1,293,2000000,1e-08
medium,a2c,0.2222222222222222,0,0,development,curve_1,0.0,0.5568700813919992,20.750686761175015,0.2540084027227795,frenet,completed,1,a2c-medium-frenet-seed-1,198,2000000,0.05485719880639534
medium,a2c,0.697841726618705,0,0,development,curve_2,0.05485719880639534,0.9104591190694369,20.46307878643197,-0.13037957180385218,frenet,completed,1,a2c-medium-frenet-seed-1,139,2000000,0.08331733356806285
medium,a2c,0.2597864768683274,0,0,development,straight,0.0,0.2549563182001682,19.683309864182267,0.30686973406600987,frenet,completed,2,a2c-medium-frenet-seed-2,281,2000000,1e-08
medium,a2c,0.37435897435897436,0,0,development,curve_1,0.0,0.35045484819282324,21.303285901344356,0.1861039943754291,frenet,completed,2,a2c-medium-frenet-seed-2,195,2000000,0.05485719880639534
medium,a2c,0.2808219178082192,0,0,development,curve_2,0.05485719880639534,0.5466952823060214,19.488742111438707,0.19952437577750023,frenet,completed,2,a2c-medium-frenet-seed-2,146,2000000,0.08331733356806285
medium,a2c,0.12589928057553956,0,0,development,straight,0.0,0.1051140851540099,19.700928360395295,0.3439932327550876,frenet,completed,3,a2c-medium-frenet-seed-3,278,2000000,1e-08
medium,a2c,0.2613065326633166,0,0,development,curve_1,0.0,0.28019659325287993,21.702527374116983,0.2105180421954105,frenet,completed,3,a2c-medium-frenet-seed-3,199,2000000,0.05485719880639534
medium,a2c,0.6275862068965518,0,0,development,curve_2,0.05485719880639534,0.5997286813526318,20.668341631406282,-0.0018443353586541167,frenet,completed,3,a2c-medium-frenet-seed-3,145,2000000,0.08331733356806285
medium,a2c,0.2785714285714286,0,0,development,straight,0.0,0.14577081260358682,19.678600663244143,0.29913608414436954,frenet,completed,4,a2c-medium-frenet-seed-4,280,2000000,1e-08
medium,a2c,0.39408866995073893,0,0,development,curve_1,0.0,0.3192170280504403,20.524021903675564,0.2331460800218015,frenet,completed,4,a2c-medium-frenet-seed-4,203,2000000,0.05485719880639534
medium,a2c,0.22727272727272727,0,0,development,curve_2,0.05485719880639534,0.6060028553202554,17.94585076331112,0.3330603287700419,frenet,completed,4,a2c-medium-frenet-seed-4,154,2000000,0.08331733356806285
small,a2c,0.099644128113879,0,0,development,straight,0.0,0.3033617742424267,19.553378842115016,0.4599083705260037,frenet,completed,0,a2c-small-frenet-seed-0,281,2000000,1e-08
small,a2c,0.20707070707070707,0,0,development,curve_1,0.0,0.3302707027766214,21.559315848449028,0.31260360358135936,frenet,completed,0,a2c-small-frenet-seed-0,198,2000000,0.05485719880639534
small,a2c,0.6510067114093959,0,0,development,curve_2,0.05485719880639534,0.5835388310678653,20.27494447246693,-0.11865849306044363,frenet,completed,0,a2c-small-frenet-seed-0,149,2000000,0.08331733356806285
small,a2c,0.19047619047619047,0,0,development,straight,0.0,0.19975153775800414,20.272198064406115,0.339584113881606,frenet,completed,1,a2c-small-frenet-seed-1,273,2000000,1e-08
small,a2c,0.2712765957446808,0,0,development,curve_1,0.0,0.45285376131118454,22.17044124110053,0.2048750483589445,frenet,completed,1,a2c-small-frenet-seed-1,188,2000000,0.05485719880639534
small,a2c,0.22297297297297297,0,0,development,curve_2,0.05485719880639534,0.846372139111564,20.624283840758594,0.12188317914763969,frenet,completed,1,a2c-small-frenet-seed-1,148,2000000,0.08331733356806285
small,a2c,0.15636363636363637,0,0,development,straight,0.0,0.15565680161965165,19.98244253295443,0.3177129385552623,frenet,completed,2,a2c-small-frenet-seed-2,275,2000000,1e-08
small,a2c,0.2275132275132275,0,0,development,curve_1,0.0,0.44243563166677846,22.000000342939327,0.18669823732808546,frenet,completed,2,a2c-small-frenet-seed-2,189,2000000,0.05485719880639534
small,a2c,0.23776223776223776,0,0,development,curve_2,0.05485719880639534,0.8034950463505058,21.127477873699824,0.08076978966038531,frenet,completed,2,a2c-small-frenet-seed-2,143,2000000,0.08331733356806285
small,a2c,0.18181818181818182,0,0,development,straight,0.0,0.16653231367972757,19.25541093918403,0.3063642940177888,frenet,completed,3,a2c-small-frenet-seed-3,286,2000000,1e-08
small,a2c,0.23036649214659685,0,0,development,curve_1,0.0,0.3450213135945421,21.218838185542705,0.16558649769011416,frenet,completed,3,a2c-small-frenet-seed-3,191,2000000,0.05485719880639534
small,a2c,0.3941176470588235,0,0,development,curve_2,0.05485719880639534,0.6312265677925418,20.37329204359357,0.07750006179489634,frenet,completed,3,a2c-small-frenet-seed-3,170,2000000,0.08331733356806285
small,a2c,0.22580645161290322,0,0,development,straight,0.0,0.14999569980652944,19.90921790123713,0.31821503915647076,frenet,completed,4,a2c-small-frenet-seed-4,279,2000000,1e-08
small,a2c,0.32,0,0,development,curve_1,0.0,0.3287844162725378,21.248370665039282,0.2144175895722583,frenet,completed,4,a2c-small-frenet-seed-4,200,2000000,0.05485719880639534
small,a2c,0.3194444444444444,0,0,development,curve_2,0.05485719880639534,0.6717726011864014,19.251067134309356,0.18700694602577844,frenet,completed,4,a2c-small-frenet-seed-4,144,2000000,0.08331733356806285
tiny,a2c,0.10738255033557047,0,0,development,straight,0.0,0.11470184378222806,18.49849903414761,0.262787215088591,frenet,completed,0,a2c-tiny-frenet-seed-0,298,2000000,1e-08
tiny,a2c,0.3188405797101449,0,0,development,curve_1,0.0,0.2724966015829817,20.617571870520827,0.16652347533884887,frenet,completed,0,a2c-tiny-frenet-seed-0,207,2000000,0.05485719880639534
tiny,a2c,0.49264705882352944,0,0,development,curve_2,0.05485719880639534,0.5772218635744032,20.304063915387065,0.05387395384776242,frenet,completed,0,a2c-tiny-frenet-seed-0,136,2000000,0.08331733356806285
tiny,a2c,0.0,0,0,development,straight,0.0,0.0982126800827488,18.46931210907638,0.3365219903240601,frenet,completed,1,a2c-tiny-frenet-seed-1,300,2000000,1e-08
tiny,a2c,0.17098445595854922,0,0,development,curve_1,0.0,0.29621656637136956,20.90045557218236,0.22241510544515122,frenet,completed,1,a2c-tiny-frenet-seed-1,193,2000000,0.05485719880639534
tiny,a2c,0.725,0,0,development,curve_2,0.05485719880639534,0.6739263032795861,20.851994685954555,-0.02808164272992144,frenet,completed,1,a2c-tiny-frenet-seed-1,160,2000000,0.08331733356806285
tiny,a2c,0.05405405405405406,0,0,development,straight,0.0,0.13430833221299926,17.471480785862997,0.4217025996588573,frenet,crashed,2,a2c-tiny-frenet-seed-2,185,2000000,1e-08
tiny,a2c,0.3008849557522124,0,0,development,curve_1,0.0,0.3300047400031461,21.201229123255533,0.19174531620692264,frenet,crashed,2,a2c-tiny-frenet-seed-2,113,2000000,0.05485719880639534
tiny,a2c,0.6231884057971014,0,0,development,curve_2,0.05485719880639534,0.6954289172654566,22.351805184650708,0.039137351686013455,frenet,crashed,2,a2c-tiny-frenet-seed-2,69,2000000,0.08331733356806285
tiny,a2c,0.0,0,0,development,straight,0.0,0.10337386802854985,17.267522050148557,0.44201827403480953,frenet,crashed,3,a2c-tiny-frenet-seed-3,173,2000000,1e-08
tiny,a2c,0.2818181818181818,0,0,development,curve_1,0.0,0.4556216303597797,22.10437985925419,0.1737997079818425,frenet,crashed,3,a2c-tiny-frenet-seed-3,110,2000000,0.05485719880639534
tiny,a2c,0.56,0,0,development,curve_2,0.05485719880639534,0.6649404135718942,22.895260876506917,0.11568814042334755,frenet,crashed,3,a2c-tiny-frenet-seed-3,75,2000000,0.08331733356806285
tiny,a2c,0.05405405405405406,0,0,development,straight,0.0,0.10294959288138843,18.756666594053048,0.3115014292931379,frenet,completed,4,a2c-tiny-frenet-seed-4,296,2000000,1e-08
tiny,a2c,0.3333333333333333,0,0,development,curve_1,0.0,0.3001518078891632,21.049475315607147,0.18135726627272863,frenet,completed,4,a2c-tiny-frenet-seed-4,195,2000000,0.05485719880639534
tiny,a2c,0.7482993197278912,0,0,development,curve_2,0.05485719880639534,0.6087408951375963,21.28968681425899,0.02255080943708593,frenet,completed,4,a2c-tiny-frenet-seed-4,147,2000000,0.08331733356806285
large,ppo,0.36363636363636365,0,0,development,straight,0.0,0.4652181668093076,18.976441085036353,0.3394172765978879,frenet,completed,0,ppo-large-frenet-seed-0,286,2000000,1e-08
large,ppo,0.44607843137254904,0,0,development,curve_1,0.0,0.4225816819451603,20.381303430529524,0.17709120134275189,frenet,completed,0,ppo-large-frenet-seed-0,204,2000000,0.05485719880639534
large,ppo,0.24675324675324675,0,0,development,curve_2,0.05485719880639534,0.5108009783623667,19.669538752993308,0.3095257576780285,frenet,completed,0,ppo-large-frenet-seed-0,154,2000000,0.08331733356806285
large,ppo,0.23728813559322035,0,0,development,straight,0.0,0.3961056507318833,18.72734862770338,0.3067227601168393,frenet,completed,1,ppo-large-frenet-seed-1,295,2000000,1e-08
large,ppo,0.3627450980392157,0,0,development,curve_1,0.0,0.4884504290701657,19.812671025762516,0.19181032970949424,frenet,completed,1,ppo-large-frenet-seed-1,204,2000000,0.05485719880639534
large,ppo,0.28415300546448086,0,0,development,curve_2,0.05485719880639534,0.5980236757587377,17.79971193617108,0.27082479680007926,frenet,completed,1,ppo-large-frenet-seed-1,183,2000000,0.08331733356806285
large,ppo,0.2553191489361702,0,0,development,straight,0.0,0.4059444038275421,19.778417536401268,0.374166364185446,frenet,completed,2,ppo-large-frenet-seed-2,282,2000000,1e-08
large,ppo,0.28061224489795916,0,0,development,curve_1,0.0,0.44775862458675186,21.237828969904374,0.22114835320039394,frenet,completed,2,ppo-large-frenet-seed-2,196,2000000,0.05485719880639534
large,ppo,0.23076923076923078,0,0,development,curve_2,0.05485719880639534,0.7939389287070795,19.908047778431158,0.22188058123969429,frenet,completed,2,ppo-large-frenet-seed-2,143,2000000,0.08331733356806285
large,ppo,0.25874125874125875,0,0,development,straight,0.0,0.23782654338470705,19.077069159164207,0.30690255039778597,frenet,completed,3,ppo-large-frenet-seed-3,286,2000000,1e-08
large,ppo,0.35714285714285715,0,0,development,curve_1,0.0,0.3574625755028267,20.14704334307756,0.18430213549041322,frenet,completed,3,ppo-large-frenet-seed-3,210,2000000,0.05485719880639534
large,ppo,0.2926829268292683,0,0,development,curve_2,0.05485719880639534,0.56726673622786,18.17539489886122,0.2156715925254791,frenet,completed,3,ppo-large-frenet-seed-3,164,2000000,0.08331733356806285
large,ppo,0.15488215488215487,0,0,development,straight,0.0,0.19374048790223394,18.36158971610756,0.42050574166129534,frenet,completed,4,ppo-large-frenet-seed-4,297,2000000,1e-08
large,ppo,0.33624454148471616,0,0,development,curve_1,0.0,0.2789028137993458,18.51779814664091,0.2063150329029342,frenet,completed,4,ppo-large-frenet-seed-4,229,2000000,0.05485719880639534
large,ppo,0.5028901734104047,0,0,development,curve_2,0.05485719880639534,0.5678305606535404,19.123211187751753,0.03757236570064678,frenet,completed,4,ppo-large-frenet-seed-4,173,2000000,0.08331733356806285
medium,ppo,0.275092936802974,0,0,development,straight,0.0,0.18049364002875043,20.502513977830475,0.3960071015154396,frenet,completed,0,ppo-medium-frenet-seed-0,269,2000000,1e-08
medium,ppo,0.24736842105263157,0,0,development,curve_1,0.0,0.4746123055037491,22.173386872034243,0.2597679990080283,frenet,completed,0,ppo-medium-frenet-seed-0,190,2000000,0.05485719880639534
medium,ppo,0.30303030303030304,0,0,development,curve_2,0.05485719880639534,0.7860088696646871,20.813185817833865,0.16976001369414118,frenet,completed,0,ppo-medium-frenet-seed-0,132,2000000,0.08331733356806285
medium,ppo,0.3787375415282392,0,0,development,straight,0.0,0.6303276708767288,18.392637763745167,0.25002204249125665,frenet,completed,1,ppo-medium-frenet-seed-1,301,2000000,1e-08
medium,ppo,0.3364485981308411,0,0,development,curve_1,0.0,0.6391954831909562,19.391845579353276,0.2030185121214931,frenet,completed,1,ppo-medium-frenet-seed-1,214,2000000,0.05485719880639534
medium,ppo,0.25142857142857145,0,0,development,curve_2,0.05485719880639534,0.5980669772891062,18.122082121303592,0.16187235419106272,frenet,completed,1,ppo-medium-frenet-seed-1,175,2000000,0.08331733356806285
medium,ppo,0.3783783783783784,0,0,development,straight,0.0,0.7063216364512226,18.570894810977983,0.2324622304657021,frenet,completed,2,ppo-medium-frenet-seed-2,296,2000000,1e-08
medium,ppo,0.4084507042253521,0,0,development,curve_1,0.0,0.7185781231120517,19.243636878384237,0.2536559589294621,frenet,completed,2,ppo-medium-frenet-seed-2,213,2000000,0.05485719880639534
medium,ppo,0.19298245614035087,0,0,development,curve_2,0.05485719880639534,0.6907493540968158,17.274669678161775,0.46808198764538994,frenet,completed,2,ppo-medium-frenet-seed-2,171,2000000,0.08331733356806285
medium,ppo,0.49019607843137253,0,0,development,straight,0.0,0.36901110172533474,18.034940900549532,0.19769805603815863,frenet,completed,3,ppo-medium-frenet-seed-3,306,2000000,1e-08
medium,ppo,0.4553191489361702,0,0,development,curve_1,0.0,0.383412997028295,18.538432873838502,0.12005925984617244,frenet,completed,3,ppo-medium-frenet-seed-3,235,2000000,0.05485719880639534
medium,ppo,0.12568306010928962,0,0,development,curve_2,0.05485719880639534,0.4731010019148145,17.59821912566404,0.5261539197246966,frenet,completed,3,ppo-medium-frenet-seed-3,183,2000000,0.08331733356806285
medium,ppo,0.2768166089965398,0,0,development,straight,0.0,0.28765184293133705,19.221846565614698,0.36719697560175646,frenet,completed,4,ppo-medium-frenet-seed-4,289,2000000,1e-08
medium,ppo,0.22885572139303484,0,0,development,curve_1,0.0,0.3107224696348259,21.063631683067968,0.24810005382481795,frenet,completed,4,ppo-medium-frenet-seed-4,201,2000000,0.05485719880639534
medium,ppo,0.4,0,0,development,curve_2,0.05485719880639534,0.5028317283040711,19.02344687329508,0.05299769588912438,frenet,completed,4,ppo-medium-frenet-seed-4,140,2000000,0.08331733356806285
small,ppo,0.28169014084507044,0,0,development,straight,0.0,0.26003603584011753,19.570937740057172,0.4087458587637742,frenet,completed,0,ppo-small-frenet-seed-0,284,2000000,1e-08
small,ppo,0.27586206896551724,0,0,development,curve_1,0.0,0.33024320311688365,20.922586439077484,0.3615750879739764,frenet,completed,0,ppo-small-frenet-seed-0,203,2000000,0.05485719880639534
small,ppo,0.4853801169590643,0,0,development,curve_2,0.05485719880639534,0.6650296594560887,17.194371999528542,0.12073859211863482,frenet,completed,0,ppo-small-frenet-seed-0,171,2000000,0.08331733356806285
small,ppo,0.35294117647058826,0,0,development,straight,0.0,0.1854863997452947,20.041544937796843,0.291296734543079,frenet,crashed,1,ppo-small-frenet-seed-1,255,2000000,1e-08
small,ppo,0.33707865168539325,0,0,development,curve_1,0.0,0.31950028556702514,21.70950389648878,0.2516271984884829,frenet,crashed,1,ppo-small-frenet-seed-1,178,2000000,0.05485719880639534
small,ppo,0.3333333333333333,0,0,development,curve_2,0.05485719880639534,0.5830791123208958,19.98682180456774,0.14847792958219846,frenet,crashed,1,ppo-small-frenet-seed-1,120,2000000,0.08331733356806285
small,ppo,0.358974358974359,0,0,development,straight,0.0,0.6156563322501591,17.66640639969605,0.35866555380515563,frenet,completed,2,ppo-small-frenet-seed-2,312,2000000,1e-08
small,ppo,0.41333333333333333,0,0,development,curve_1,0.0,0.5968030467256904,18.78682766146777,0.2706098171033793,frenet,completed,2,ppo-small-frenet-seed-2,225,2000000,0.05485719880639534
small,ppo,0.26903553299492383,0,0,development,curve_2,0.05485719880639534,0.6205038124421224,17.15176552596892,0.426269175120757,frenet,completed,2,ppo-small-frenet-seed-2,197,2000000,0.08331733356806285
small,ppo,0.292358803986711,0,0,development,straight,0.0,0.6633248741203219,18.242021358769335,0.25203894926126785,frenet,completed,3,ppo-small-frenet-seed-3,301,2000000,1e-08
small,ppo,0.3577981651376147,0,0,development,curve_1,0.0,0.6949201881543224,19.390763036347597,0.15569386970296656,frenet,completed,3,ppo-small-frenet-seed-3,218,2000000,0.05485719880639534
small,ppo,0.2653061224489796,0,0,development,curve_2,0.05485719880639534,0.6802479979102215,17.613169554020153,0.2739513457327492,frenet,completed,3,ppo-small-frenet-seed-3,196,2000000,0.08331733356806285
small,ppo,0.35251798561151076,0,0,development,straight,0.0,0.2717952901571185,19.911545932435804,0.28671370375147276,frenet,completed,4,ppo-small-frenet-seed-4,278,2000000,1e-08
small,ppo,0.3675675675675676,0,0,development,curve_1,0.0,0.39220996614847636,21.680653375906513,0.16126421957868278,frenet,completed,4,ppo-small-frenet-seed-4,185,2000000,0.05485719880639534
small,ppo,0.1917808219178082,0,0,development,curve_2,0.05485719880639534,0.7562382912697041,20.746797140941826,0.2960996277349657,frenet,completed,4,ppo-small-frenet-seed-4,146,2000000,0.08331733356806285
tiny,ppo,0.16613418530351437,0,0,development,straight,0.0,0.4521150815179021,17.696942158924383,0.22419669790198646,frenet,completed,0,ppo-tiny-frenet-seed-0,313,2000000,1e-08
tiny,ppo,0.20465116279069767,0,0,development,curve_1,0.0,0.4896514796034628,19.271924282276814,0.07857747078699948,frenet,completed,0,ppo-tiny-frenet-seed-0,215,2000000,0.05485719880639534
tiny,ppo,0.11585365853658537,0,0,development,curve_2,0.05485719880639534,0.6356788032330436,18.833818209699537,0.12694717542461414,frenet,completed,0,ppo-tiny-frenet-seed-0,164,2000000,0.08331733356806285
tiny,ppo,0.43812709030100333,0,0,development,straight,0.0,0.4033242953227939,18.513862250476212,0.21763421062817703,frenet,completed,1,ppo-tiny-frenet-seed-1,299,2000000,1e-08
tiny,ppo,0.33796296296296297,0,0,development,curve_1,0.0,0.4439093191909638,19.413085333359845,0.28556049205211886,frenet,completed,1,ppo-tiny-frenet-seed-1,216,2000000,0.05485719880639534
tiny,ppo,0.17834394904458598,0,0,development,curve_2,0.05485719880639534,0.5152544432874342,17.473631761632582,0.44304523626223774,frenet,completed,1,ppo-tiny-frenet-seed-1,157,2000000,0.08331733356806285
tiny,ppo,0.22742474916387959,0,0,development,straight,0.0,0.3631050448209035,18.658635533138877,0.33235441972766333,frenet,completed,2,ppo-tiny-frenet-seed-2,299,2000000,1e-08
tiny,ppo,0.2692307692307692,0,0,development,curve_1,0.0,0.3700750020999784,19.885584062036006,0.2681825624794538,frenet,completed,2,ppo-tiny-frenet-seed-2,208,2000000,0.05485719880639534
tiny,ppo,0.43169398907103823,0,0,development,curve_2,0.05485719880639534,0.5181545395508429,18.348421301915522,0.0758711051353625,frenet,completed,2,ppo-tiny-frenet-seed-2,183,2000000,0.08331733356806285
tiny,ppo,0.2692307692307692,0,0,development,straight,0.0,0.7292941024397106,17.593018176662042,0.2467747131595388,frenet,completed,3,ppo-tiny-frenet-seed-3,312,2000000,1e-08
tiny,ppo,0.3476190476190476,0,0,development,curve_1,0.0,0.6406659598927945,19.136650526888157,0.10611353506489346,frenet,completed,3,ppo-tiny-frenet-seed-3,210,2000000,0.05485719880639534
tiny,ppo,0.1073170731707317,0,0,development,curve_2,0.05485719880639534,0.7351236947130685,18.621238730596655,0.23077129525751466,frenet,completed,3,ppo-tiny-frenet-seed-3,205,2000000,0.08331733356806285
tiny,ppo,0.21221864951768488,0,0,development,straight,0.0,0.3533738831992462,17.77872067361016,0.2956365496571508,frenet,completed,4,ppo-tiny-frenet-seed-4,311,2000000,1e-08
tiny,ppo,0.25112107623318386,0,0,development,curve_1,0.0,0.5144210885415395,19.394428006444627,0.18005662822141624,frenet,completed,4,ppo-tiny-frenet-seed-4,223,2000000,0.05485719880639534
tiny,ppo,0.5912408759124088,0,0,development,curve_2,0.05485719880639534,0.7757202513706293,19.023122547762252,-0.015363369008736943,frenet,completed,4,ppo-tiny-frenet-seed-4,137,2000000,0.08331733356806285
large,reinforce,0.03625377643504532,0,0,development,straight,0.0,0.08714947282462213,16.74699441613132,0.24515177690061063,frenet,completed,0,reinforce-large-frenet-seed-0,331,2000000,1e-08
large,reinforce,0.1228813559322034,0,0,development,curve_1,0.0,0.18641428867580914,18.183932757717454,0.15321589071477243,frenet,completed,0,reinforce-large-frenet-seed-0,236,2000000,0.05485719880639534
large,reinforce,0.5467289719626168,0,0,development,curve_2,0.05485719880639534,0.5941354395456124,18.05455843379167,-0.00034516150222669103,frenet,completed,0,reinforce-large-frenet-seed-0,214,2000000,0.08331733356806285
large,reinforce,0.10231023102310231,0,0,development,straight,0.0,0.6079405025950181,18.147012354785222,0.42097841170862343,frenet,completed,1,reinforce-large-frenet-seed-1,303,2000000,1e-08
large,reinforce,0.25,0,0,development,curve_1,0.0,0.7118448448929725,19.617537643411097,0.22020708689936172,frenet,completed,1,reinforce-large-frenet-seed-1,212,2000000,0.05485719880639534
large,reinforce,0.6419753086419753,0,0,development,curve_2,0.05485719880639534,0.8820870344377594,19.803431804389742,-0.0980607786871217,frenet,completed,1,reinforce-large-frenet-seed-1,162,2000000,0.08331733356806285
large,reinforce,0.0,0,0,development,straight,0.0,1.0,6.62671674769598,1.0,frenet,crashed,2,reinforce-large-frenet-seed-2,37,2000000,1e-08
large,reinforce,0.3324175824175824,0,0,development,straight,0.0,0.5666877786170916,15.104961188825932,0.24206675523840873,frenet,completed,3,reinforce-large-frenet-seed-3,364,2000000,1e-08
large,reinforce,0.4230769230769231,0,0,development,curve_1,0.0,0.48418034168230567,15.03296200301204,0.10793336872109115,frenet,completed,3,reinforce-large-frenet-seed-3,286,2000000,0.05485719880639534
large,reinforce,0.2146118721461187,0,0,development,curve_2,0.05485719880639534,0.6921891082316365,12.740460646974906,0.334830568282074,frenet,completed,3,reinforce-large-frenet-seed-3,219,2000000,0.08331733356806285
large,reinforce,0.2622478386167147,0,0,development,straight,0.0,0.2746950783112599,16.10239117586593,0.3796686465860014,frenet,completed,4,reinforce-large-frenet-seed-4,347,2000000,1e-08
large,reinforce,0.26104417670682734,0,0,development,curve_1,0.0,0.29681259521982634,16.874097557228026,0.33569791097283724,frenet,completed,4,reinforce-large-frenet-seed-4,249,2000000,0.05485719880639534
large,reinforce,0.5297297297297298,0,0,development,curve_2,0.05485719880639534,0.529381215081525,16.45728114681499,-0.04855378083507153,frenet,completed,4,reinforce-large-frenet-seed-4,185,2000000,0.08331733356806285
medium,reinforce,0.3875,0,0,development,straight,0.0,0.16208233690995258,17.2627021815615,0.20814629454980604,frenet,completed,0,reinforce-medium-frenet-seed-0,320,2000000,1e-08
medium,reinforce,0.2927927927927928,0,0,development,curve_1,0.0,0.26420116836052004,18.692601881660945,0.12693515819967263,frenet,completed,0,reinforce-medium-frenet-seed-0,222,2000000,0.05485719880639534
medium,reinforce,0.16666666666666666,0,0,development,curve_2,0.05485719880639534,0.5502923158393509,18.254896587577047,0.19209698058568456,frenet,completed,0,reinforce-medium-frenet-seed-0,174,2000000,0.08331733356806285
medium,reinforce,0.2191358024691358,0,0,development,straight,0.0,0.14314777905302536,17.075489001443298,0.23614832870288532,frenet,completed,1,reinforce-medium-frenet-seed-1,324,2000000,1e-08
medium,reinforce,0.37551020408163266,0,0,development,curve_1,0.0,0.22344819840568841,17.941028104862976,0.11781620119166161,frenet,completed,1,reinforce-medium-frenet-seed-1,245,2000000,0.05485719880639534
medium,reinforce,0.18716577540106952,0,0,development,curve_2,0.05485719880639534,0.40922698962258147,15.50218630727844,0.19136303342520233,frenet,completed,1,reinforce-medium-frenet-seed-1,187,2000000,0.08331733356806285
medium,reinforce,0.3295774647887324,0,0,development,straight,0.0,0.6522955785151309,15.508032446894097,0.1734770576489276,frenet,completed,2,reinforce-medium-frenet-seed-2,355,2000000,1e-08
medium,reinforce,0.2702702702702703,0,0,development,curve_1,0.0,0.6474854556374381,16.765959302433373,0.08606057518393764,frenet,completed,2,reinforce-medium-frenet-seed-2,259,2000000,0.05485719880639534
medium,reinforce,0.2485207100591716,0,0,development,curve_2,0.05485719880639534,0.8238324278954571,17.3529674423741,0.10689383680579534,frenet,completed,2,reinforce-medium-frenet-seed-2,169,2000000,0.08331733356806285
medium,reinforce,0.23410404624277456,0,0,development,straight,0.0,0.06489775253754551,15.793413846131832,0.16977777251350623,frenet,completed,3,reinforce-medium-frenet-seed-3,346,2000000,1e-08
medium,reinforce,0.2857142857142857,0,0,development,curve_1,0.0,0.16255018026993004,16.946940401690327,0.07381059577337942,frenet,completed,3,reinforce-medium-frenet-seed-3,252,2000000,0.05485719880639534
medium,reinforce,0.027522935779816515,0,0,development,curve_2,0.05485719880639534,0.3785258472102498,16.264415610217622,0.1080902125682402,frenet,completed,3,reinforce-medium-frenet-seed-3,218,2000000,0.08331733356806285
medium,reinforce,0.0627062706270627,0,0,development,straight,0.0,0.09034889882379335,18.130750488204644,0.26345272733378083,frenet,completed,4,reinforce-medium-frenet-seed-4,303,2000000,1e-08
medium,reinforce,0.2995169082125604,0,0,development,curve_1,0.0,0.31577983770771445,20.238271922382694,0.15088342878377572,frenet,completed,4,reinforce-medium-frenet-seed-4,207,2000000,0.05485719880639534
medium,reinforce,0.5345911949685535,0,0,development,curve_2,0.05485719880639534,0.7185913610195963,19.831492642846857,0.042104984922100255,frenet,completed,4,reinforce-medium-frenet-seed-4,159,2000000,0.08331733356806285
small,reinforce,0.05309734513274336,0,0,development,straight,0.0,0.03190631055184517,16.259707988575673,0.18785658588678958,frenet,completed,0,reinforce-small-frenet-seed-0,339,2000000,1e-08
small,reinforce,0.2217573221757322,0,0,development,curve_1,0.0,0.15852636702857506,17.780877812292974,0.09366520357398106,frenet,completed,0,reinforce-small-frenet-seed-0,239,2000000,0.05485719880639534
small,reinforce,0.12077294685990338,0,0,development,curve_2,0.05485719880639534,0.4466160427652983,17.41075392741361,0.07329405037276245,frenet,completed,0,reinforce-small-frenet-seed-0,207,2000000,0.08331733356806285
small,reinforce,0.24758842443729903,0,0,development,straight,0.0,0.07387497871507774,17.672356998991855,0.19022766030034188,frenet,completed,1,reinforce-small-frenet-seed-1,311,2000000,1e-08
small,reinforce,0.0684931506849315,0,0,development,curve_1,0.0,0.21077783704526962,19.530335786159725,0.11587536992897496,frenet,completed,1,reinforce-small-frenet-seed-1,219,2000000,0.05485719880639534
small,reinforce,0.0,0,0,development,curve_2,0.05485719880639534,0.38936771615727306,19.316342770820118,0.15450668011549606,frenet,completed,1,reinforce-small-frenet-seed-1,146,2000000,0.08331733356806285
small,reinforce,0.04046242774566474,0,0,development,straight,0.0,0.08369716430899507,16.074854093096214,0.20925259265027177,frenet,completed,2,reinforce-small-frenet-seed-2,346,2000000,1e-08
small,reinforce,0.14644351464435146,0,0,development,curve_1,0.0,0.19317998459258712,17.662653965895913,0.13080923260281166,frenet,completed,2,reinforce-small-frenet-seed-2,239,2000000,0.05485719880639534
small,reinforce,0.44878048780487806,0,0,development,curve_2,0.05485719880639534,0.5174891932708461,16.98853302783643,0.026118096026234192,frenet,completed,2,reinforce-small-frenet-seed-2,205,2000000,0.08331733356806285
small,reinforce,0.16139240506329114,0,0,development,straight,0.0,0.08846809991555807,17.270100369495555,0.20872933580982203,frenet,completed,3,reinforce-small-frenet-seed-3,316,2000000,1e-08
small,reinforce,0.3022222222222222,0,0,development,curve_1,0.0,0.17487637402386302,19.010825023462733,0.13073938915014474,frenet,completed,3,reinforce-small-frenet-seed-3,225,2000000,0.05485719880639534
small,reinforce,0.30994152046783624,0,0,development,curve_2,0.05485719880639534,0.42204409724439096,18.195190902483994,0.09874929950507194,frenet,completed,3,reinforce-small-frenet-seed-3,171,2000000,0.08331733356806285
small,reinforce,0.06956521739130435,0,0,development,straight,0.0,0.0813964929088336,15.88007690303411,0.17077433072887632,frenet,completed,4,reinforce-small-frenet-seed-4,345,2000000,1e-08
small,reinforce,0.09623430962343096,0,0,development,curve_1,0.0,0.20114872073311413,17.6797429216808,0.08589485810768097,frenet,completed,4,reinforce-small-frenet-seed-4,239,2000000,0.05485719880639534
small,reinforce,0.09574468085106383,0,0,development,curve_2,0.05485719880639534,0.4326855021310931,17.54885321209405,0.09162002344965003,frenet,completed,4,reinforce-small-frenet-seed-4,188,2000000,0.08331733356806285
tiny,reinforce,0.0,0,0,development,straight,0.0,0.08448739683775316,16.102441274833232,0.22633118123681714,frenet,crashed,0,reinforce-tiny-frenet-seed-0,241,2000000,1e-08
tiny,reinforce,0.0,0,0,development,curve_1,0.0,0.24438121717763492,19.234736585207106,0.16910829979639788,frenet,crashed,0,reinforce-tiny-frenet-seed-0,130,2000000,0.05485719880639534
tiny,reinforce,0.0,0,0,development,curve_2,0.05485719880639534,0.4990191216702047,20.19089408191524,0.15405350515375968,frenet,crashed,0,reinforce-tiny-frenet-seed-0,115,2000000,0.08331733356806285
tiny,reinforce,0.0,0,0,development,straight,0.0,0.10944579712302198,16.670313619523608,0.17023730580271645,frenet,completed,1,reinforce-tiny-frenet-seed-1,330,2000000,1e-08
tiny,reinforce,0.0,0,0,development,curve_1,0.0,0.23926509502944687,19.059867678855923,0.13482497535508625,frenet,completed,1,reinforce-tiny-frenet-seed-1,217,2000000,0.05485719880639534
tiny,reinforce,0.0,0,0,development,curve_2,0.05485719880639534,0.423108759537047,18.987945550186144,0.11938299477295158,frenet,completed,1,reinforce-tiny-frenet-seed-1,153,2000000,0.08331733356806285
tiny,reinforce,0.06333333333333334,0,0,development,straight,0.0,0.1496442219770203,17.03206168304403,0.22703737107959265,frenet,crashed,2,reinforce-tiny-frenet-seed-2,300,2000000,1e-08
tiny,reinforce,0.14150943396226415,0,0,development,curve_1,0.0,0.2666355740072487,19.72436343217446,0.14783313345462787,frenet,crashed,2,reinforce-tiny-frenet-seed-2,212,2000000,0.05485719880639534
tiny,reinforce,0.36875,0,0,development,curve_2,0.05485719880639534,0.5057630448718555,20.325735930757475,0.06117867352113535,frenet,crashed,2,reinforce-tiny-frenet-seed-2,160,2000000,0.08331733356806285
tiny,reinforce,0.01818181818181818,0,0,development,straight,0.0,0.10686791249529713,16.667590539477498,0.18646095352332023,frenet,completed,3,reinforce-tiny-frenet-seed-3,330,2000000,1e-08
tiny,reinforce,0.013452914798206279,0,0,development,curve_1,0.0,0.2412082862960918,19.016420364293648,0.1350101504094832,frenet,completed,3,reinforce-tiny-frenet-seed-3,223,2000000,0.05485719880639534
tiny,reinforce,0.2916666666666667,0,0,development,curve_2,0.05485719880639534,0.36346830393045415,19.105340505678353,0.07212413895710294,frenet,completed,3,reinforce-tiny-frenet-seed-3,144,2000000,0.08331733356806285
tiny,reinforce,0.0,0,0,development,straight,0.0,0.12279885626635649,16.544564528521818,0.2278610088483051,frenet,crashed,4,reinforce-tiny-frenet-seed-4,243,2000000,1e-08
tiny,reinforce,0.0,0,0,development,curve_1,0.0,0.2762918000626087,19.77599778090095,0.1887648329429794,frenet,crashed,4,reinforce-tiny-frenet-seed-4,128,2000000,0.05485719880639534
tiny,reinforce,0.0,0,0,development,curve_2,0.05485719880639534,0.39514030333535344,20.373231081511232,0.17250677556091665,frenet,crashed,4,reinforce-tiny-frenet-seed-4,102,2000000,0.08331733356806285
