actor_name,algorithm,contrast,end_to_end_duration__confidence_interval_high,end_to_end_duration__confidence_interval_low,end_to_end_duration__count,end_to_end_duration__first_quartile,end_to_end_duration__maximum,end_to_end_duration__mean,end_to_end_duration__median,end_to_end_duration__minimum,end_to_end_duration__sample_standard_deviation,end_to_end_duration__third_quartile,final_completion_rate__confidence_interval_high,final_completion_rate__confidence_interval_low,final_completion_rate__count,final_completion_rate__first_quartile,final_completion_rate__maximum,final_completion_rate__mean,final_completion_rate__median,final_completion_rate__minimum,final_completion_rate__sample_standard_deviation,final_completion_rate__third_quartile,final_crash_rate__confidence_interval_high,final_crash_rate__confidence_interval_low,final_crash_rate__count,final_crash_rate__first_quartile,final_crash_rate__maximum,final_crash_rate__mean,final_crash_rate__median,final_crash_rate__minimum,final_crash_rate__sample_standard_deviation,final_crash_rate__third_quartile,final_mean_progress__confidence_interval_high,final_mean_progress__confidence_interval_low,final_mean_progress__count,final_mean_progress__first_quartile,final_mean_progress__maximum,final_mean_progress__mean,final_mean_progress__median,final_mean_progress__minimum,final_mean_progress__sample_standard_deviation,final_mean_progress__third_quartile,final_mean_return__confidence_interval_high,final_mean_return__confidence_interval_low,final_mean_return__count,final_mean_return__first_quartile,final_mean_return__maximum,final_mean_return__mean,final_mean_return__median,final_mean_return__minimum,final_mean_return__sample_standard_deviation,final_mean_return__third_quartile,late_completion_rate__confidence_interval_high,late_completion_rate__confidence_interval_low,late_completion_rate__count,late_completion_rate__first_quartile,late_completion_rate__maximum,late_completion_rate__mean,late_completion_rate__median,late_completion_rate__minimum,late_completion_rate__sample_standard_deviation,late_completion_rate__third_quartile,late_mean_return__confidence_interval_high,late_mean_return__confidence_interval_low,late_mean_return__count,late_mean_return__first_quartile,late_mean_return__maximum,late_mean_return__mean,late_mean_return__median,late_mean_return__minimum,late_mean_return__sample_standard_deviation,late_mean_return__third_quartile,progress_auc__confidence_interval_high,progress_auc__confidence_interval_low,progress_auc__count,progress_auc__first_quartile,progress_auc__maximum,progress_auc__mean,progress_auc__median,progress_auc__minimum,progress_auc__sample_standard_deviation,progress_auc__third_quartile,restricted_convergence_duration__confidence_interval_high,restricted_convergence_duration__confidence_interval_low,restricted_convergence_duration__count,restricted_convergence_duration__first_quartile,restricted_convergence_duration__maximum,restricted_convergence_duration__mean,restricted_convergence_duration__median,restricted_convergence_duration__minimum,restricted_convergence_duration__sample_standard_deviation,restricted_convergence_duration__third_quartile,restricted_convergence_interactions__confidence_interval_high,restricted_convergence_interactions__confidence_interval_low,restricted_convergence_interactions__count,restricted_convergence_interactions__first_quartile,restricted_convergence_interactions__maximum,restricted_convergence_interactions__mean,restricted_convergence_interactions__median,restricted_convergence_interactions__minimum,restricted_convergence_interactions__sample_standard_deviation,restricted_convergence_interactions__third_quartile,return_auc__confidence_interval_high,return_auc__confidence_interval_low,return_auc__count,return_auc__first_quartile,return_auc__maximum,return_auc__mean,return_auc__median,return_auc__minimum,return_auc__sample_standard_deviation,return_auc__third_quartile,root_count,training_duration__confidence_interval_high,training_duration__confidence_interval_low,training_duration__count,training_duration__first_quartile,training_duration__maximum,training_duration__mean,training_duration__median,training_duration__minimum,training_duration__sample_standard_deviation,training_duration__third_quartile
large,,a2c_minus_ppo,-152.87053808000346,-197.23204165999923,5,-178.96996740000031,-143.57156500000565,-173.00974928000068,-170.33178169999883,-217.5074042999986,28.397898011527335,-154.66802800000005,0.0,0.0,5,0.0,0.0,0.0,0.0,0.0,0.0,0.0,0.0,0.0,5,0.0,0.0,0.0,0.0,0.0,0.0,0.0,1.699018593734891e-05,-0.0002186942768647171,5,-0.0002478932690310742,5.588642684539735e-05,-0.00010085204546368409,-3.253426440119611e-05,-0.00028257529093012046,0.00015381329695282026,2.8561701985729826e-06,-12.054884649375618,-24.890435572184536,5,-25.219769752338664,-5.603018756036477,-19.308222287065497,-20.93281304479933,-26.539912655723015,8.34932347557044,-18.245597226429993,-0.075,-0.3,5,-0.25,0.0,-0.175,-0.125,-0.375,0.14252192813739226,-0.125,-31.974095116890528,-71.68835457021045,5,-52.380192063834954,-25.371094838677635,-50.436092256308406,-51.49064811356715,-91.56152726087751,25.921497581912952,-31.376999004584775,-0.16639354245928717,-0.3803150911638372,5,-0.39211642277269265,-0.14723341782521393,-0.2733543168115622,-0.2235290515007663,-0.44690677938651724,0.13798146506658737,-0.15698591257262084,152.8450663402793,76.39739289992868,5,79.79587739961426,167.8900810999694,114.62122962010399,100.29677750072005,61.0492160998474,48.91605600466939,164.07419600036883,890000.0,470000.0,5,500000.0,950000.0,680000.0,650000.0,350000.0,268328.15729997476,950000.0,-65.15153175018159,-116.76640624061073,5,-114.15686520077763,-59.1311617698459,-90.95896899539616,-84.74123608747573,-135.38853235701137,33.3124900057474,-61.377049561870166,5,-155.0299331597751,-197.51524783949716,5,-181.04973999981303,-145.75887289900857,-176.17831785968593,-180.6919385990259,-216.56773069854535,27.273463606856648,-156.82330710203678
large,,reinforce_minus_a2c,144.10072697999968,-25.760787959998925,5,-29.27931289999833,247.9182897999999,38.73739084000008,4.204133999999613,-35.18423509999775,118.43750694697238,6.028078399996957,0.0,-0.6,5,0.0,0.0,-0.2,0.0,-1.0,0.44721359549995804,0.0,0.6,0.0,5,0.0,1.0,0.2,0.0,0.0,0.44721359549995804,0.0,4.058581068777656e-05,-0.5928008679404204,5,-0.00022321212372933275,0.00012494698275711258,-0.19762258904093738,-6.149375814201719e-05,-0.987960450728606,0.4418123139346925,7.264423033337408e-06,11.613839658332257,-126.67607157094378,5,-32.02144260954333,21.7560565139147,-42.61157975969154,-6.334383700967919,-206.90386348426102,94.04574903233501,10.4457344823999,0.175,-0.325,5,0.0,0.25,-0.025,0.125,-0.625,0.3468609231377902,0.125,34.13243403715362,-78.59030209501346,5,-11.375351800705147,38.08115352575908,-11.114991995016585,20.710154932223816,-139.88577073337373,74.69944323306161,36.89485410101307,0.3072228716558193,-0.39743715340170815,5,0.10035956320981598,0.3685215676137965,0.031644718012641126,0.17825074244281625,-0.7993185235075668,0.47642187012227655,0.3104102403043437,204.82697705927166,-113.93761930008368,5,-130.02057750026324,388.5825159988144,13.571322659801444,-48.579538499552655,-130.53370150016963,215.93645682655895,-11.592085199821668,600000.0,-650000.0,5,-700000.0,1250000.0,-120000.0,-350000.0,-750000.0,816700.6795638168,-50000.0,72.39233368741652,-71.4296695562887,5,24.14886507945056,84.28494536781136,16.35535057740307,63.682212663850606,-155.19405274290182,98.35699424777019,64.85478251880464,5,107.1360654592554,-24.651324060562548,5,-21.813160100678942,184.5016711986773,26.704534299910666,2.8496665007278352,-36.003979900096965,89.82112078859817,3.988473800924112
large,,reinforce_minus_ppo,-50.93022430000055,-185.93513568000088,5,-178.7558001000034,30.410885500001314,-134.2723584400006,-172.94188900000336,-199.61109459999716,93.70965302068461,-150.46389400000044,0.0,-0.6,5,0.0,0.0,-0.2,0.0,-1.0,0.447213595499958,0.0,0.6,0.0,5,0.0,1.0,0.2,0.0,0.0,0.447213595499958,0.0,-4.387653070039299e-05,-0.592974131557562,5,-0.00022035595353075976,-5.607331296619833e-06,-0.19772344108640108,-0.00015762830817300788,-0.9882083439976371,0.4418945036557797,-2.5269841367858703e-05,-9.985753245634493,-149.89825805494957,5,-37.624461365579805,0.8232434691153685,-61.919802046757034,-24.579980927397912,-233.44377613998404,96.90770427880746,-14.774035269938764,0.05,-0.6,5,-0.125,0.125,-0.2,0.0,-1.0,0.45586456322026175,0.0,-9.35730179478748,-148.8995670419889,5,-36.74644663938278,5.517855096428292,-61.55108425132498,-31.67003713161114,-231.44729799425124,96.42189293513101,-13.40949458780807,-0.052537907823883345,-0.599498669064862,5,-0.08170618246834893,-0.04527830905795005,-0.24170959879892107,-0.07838521177272073,-0.9563044360801877,0.39983369946292263,-0.04687385461539795,309.46227005973816,33.57925888002683,5,34.053618500105586,488.87929349953447,128.19255227990544,37.356379599799766,31.2163389000616,201.74979984708992,49.45713090002573,1240000.0,190000.0,5,200000.0,1900000.0,560000.0,250000.0,150000.0,751165.7606680433,300000.0,-32.35624712696427,-146.26148300197255,5,-51.10358698920001,-21.05902342362512,-74.60361841799309,-49.30208268197299,-214.32521451274772,79.02292439223638,-37.22818448241961,5,-90.0641421794764,-189.11943383930193,5,-181.76285279910553,-32.06605949986806,-149.47378355977526,-177.06126619888892,-202.50509869970483,67.86161646781215,-153.97364060130894
medium,,a2c_minus_ppo,-139.84852539999991,-155.72426227999966,5,-156.6926779999958,-136.48000380000303,-147.7863938399998,-146.05266339999798,-159.5916460000044,10.10416713620239,-140.1149779999978,0.0,0.0,5,0.0,0.0,0.0,0.0,0.0,0.0,0.0,0.0,0.0,5,0.0,0.0,0.0,0.0,0.0,0.0,0.0,0.00020128647426496116,-7.727936911980927e-05,5,4.043956570320972e-05,0.0002994430762308653,6.690686859518457e-05,5.405157131610494e-05,-0.00018371827051399947,0.00017395970005389566,0.0001243184002397424,13.79414941995869,0.885551505115376,5,-1.1913650220712952,18.436682651084823,7.361978115062664,10.4886072468137,-1.7284215759189578,8.661266022907224,10.804387275405048,0.075,0.0,5,0.0,0.125,0.025,0.0,0.0,0.055901699437494755,0.0,19.65513376719868,6.901040757719841,5,10.69301338731671,24.56439236064631,12.920794476199598,12.877769688515087,2.579318577782118,7.880715444113707,13.889478366737762,-0.12406149759629943,-0.21204720824728032,5,-0.21367388885977556,-0.11904840338055889,-0.16555915592440135,-0.12822381427400575,-0.23985623963447977,0.056744111940789085,-0.1269934334731868,136.98209293977342,67.56514810013395,5,74.586060899921,163.13541489949785,102.45919082008186,109.98373780024485,43.672581400292984,45.58435396160861,120.91815910045261,880000.0,450000.0,5,500000.0,1050000.0,660000.0,700000.0,300000.0,281513.7652051849,750000.0,-27.572514696723584,-62.35254238135491,5,-64.30744334634969,-24.168636152903048,-44.50042885967376,-32.54881232955577,-72.98900804543227,22.452894855956995,-28.488244424128027,5,-139.56461010106796,-156.142743460193,5,-158.84043330126224,-135.86918350009,-147.85367678063048,-144.90276530159827,-159.06504269842117,10.62410667323756,-140.59095910178075
medium,,reinforce_minus_a2c,-10.689496340000186,-34.88120522000099,5,-35.23614110000199,-5.422826800000621,-22.78535078000059,-22.10631889999786,-40.913712500001566,15.352274419989971,-10.247754600000917,0.0,0.0,5,0.0,0.0,0.0,0.0,0.0,0.0,0.0,0.0,0.0,5,0.0,0.0,0.0,0.0,0.0,0.0,0.0,1.55438358182991e-05,-0.0002337360539503397,5,-0.00010837257203788475,7.605031693458386e-05,-9.397615139352666e-05,-8.440074631921313e-05,-0.0003535749710843472,0.00016241120662350032,4.172155392279109e-07,-13.458127733633244,-30.244986219340184,5,-29.051699746809078,-5.8635982320138,-22.660634876399797,-22.72160006839576,-35.0181321094646,10.951572072665707,-20.648144225315747,0.0,0.0,5,0.0,0.0,0.0,0.0,0.0,0.0,0.0,-13.609749256712252,-31.983530967415323,5,-29.381283168006263,-5.041645123253687,-23.847382350686523,-23.896712312059606,-37.37474340431913,11.909709041090538,-23.542527745793933,0.14225734544811058,0.03942468301368198,5,0.06528845047409038,0.16832519191462547,0.09625538858032992,0.11943219396842664,0.0006290318230693925,0.06484054856918894,0.1276020747214377,0.25512028040902807,-87.15290324017806,5,-82.7399779998741,30.791600800706874,-47.0880451800338,-79.98069120045875,-95.15193450034167,55.290787790853464,-8.359223000201382,-40000.0,-560000.0,5,-550000.0,150000.0,-320000.0,-500000.0,-600000.0,329013.677527242,-100000.0,26.818331996403924,-14.029295875607755,5,-10.784601077181804,35.586139203765484,7.477198556945339,17.097930350398684,-27.424201304300652,25.847948758267563,22.910725612044985,5,-12.789808200076004,-35.240734200218505,5,-33.245960800044486,-7.5066661998152995,-24.015271200147254,-23.767985401229453,-42.971881999887046,14.558769163957681,-12.583861599759985
medium,,reinforce_minus_ppo,-152.74137494000243,-185.65645169999988,5,-181.69796490000226,-141.90283060000365,-170.5717446200004,-181.02869049999936,-191.92881909999778,20.7053285399027,-156.3004179999989,0.0,0.0,5,0.0,0.0,0.0,0.0,0.0,0.0,0.0,0.0,0.0,5,0.0,0.0,0.0,0.0,0.0,0.0,0.0,9.856847236320299e-05,-0.00012687684695618097,5,-6.793300633467503e-05,0.00020036871717432625,-2.7069282798342088e-05,-5.413189485348191e-05,-0.00018330105497477156,0.00014013332672345558,-3.0349175003108186e-05,-10.329039011048275,-19.692153212167987,5,-18.563092499995378,-7.054963254085095,-15.298656761337133,-16.58144945837978,-22.376565801234705,5.953812646637756,-11.91721279299071,0.075,0.0,5,0.0,0.125,0.025,0.0,0.0,0.055901699437494755,0.0,-2.6484684745651803,-19.204707274408673,5,-18.688269780689552,0.6676800485867034,-10.926587874486927,-9.65304937905617,-24.496973715804046,10.631224608582452,-2.4623265454715693,-0.026303208933725574,-0.10443106007801217,5,-0.09424169489134893,0.00855367134087881,-0.06930376734407144,-0.0715310477198543,-0.12636440165011742,0.04996277193550195,-0.06293536379991538,85.3062937202587,29.370380159977138,5,30.003046599786103,105.37766170062787,55.371145640048056,35.3133584000916,25.766224600110945,35.528768024032,80.39543689962375,530000.0,180000.0,5,200000.0,650000.0,340000.0,200000.0,150000.0,221923.41021172146,500000.0,-18.088111687209867,-50.469943804580765,5,-47.209512995951,-1.257910540858063,-37.02323030272842,-43.33341340673758,-55.91244572842868,21.093147278203666,-37.40286884166679,5,-154.23540342054838,-186.82629970111992,5,-183.5628411016678,-143.3758496999053,-171.86894798077773,-182.83302809965062,-192.08639410130672,20.52078900826748,-157.48662690135825
small,,a2c_minus_ppo,-119.0156996399979,-136.60031271999907,5,-132.16762599999856,-114.89986769999814,-127.17178289999865,-125.13078099999984,-143.5866489,11.175313382461706,-120.07399089999672,0.6,0.0,5,0.0,1.0,0.2,0.0,0.0,0.44721359549995804,0.0,0.0,-0.6,5,0.0,0.0,-0.2,0.0,-1.0,0.44721359549995804,0.0,0.04812268051385684,-0.00012975425183863186,5,-0.000123270781203777,0.08013222823095434,0.016032060843579044,-6.537110827653514e-05,-0.00016842929425453512,0.03583376655695781,0.0003851471706757259,104.23249944851064,3.5937685813157714,5,5.259717271610356,165.62049696001338,40.6940392813741,12.15050318125651,-2.3505474089491827,70.44560770199783,22.790026402939446,0.225,0.0,5,0.0,0.375,0.075,0.0,0.0,0.16770509831248423,0.0,43.9963669620621,2.8568973411222545,5,3.891117919318816,65.31956040115071,20.952748773544407,18.66725216012867,-3.2462223004156954,26.697380429469092,20.132035687539542,-0.2036598803166214,-0.23746033084517543,5,-0.22020906316767608,-0.19298595676837393,-0.21905160737515078,-0.21913246811030918,-0.2520810211144032,0.02144166893361512,-0.21084952771499155,126.9665173393616,96.95014237980213,5,97.147914500154,140.56930519899834,110.71603905951997,109.31755509887444,90.5686638999141,19.434885743812647,115.97675659965898,810000.0,620000.0,5,600000.0,900000.0,710000.0,700000.0,600000.0,124498.99597988732,750000.0,-53.1900093687315,-79.07251962971544,5,-71.47722519365624,-51.44265485141722,-64.72122350429771,-57.37681524439864,-90.46546128380425,16.429694318960347,-52.843960948212214,5,-118.69497217927201,-135.71442428006338,5,-130.97631520060168,-114.36489799856281,-126.58312603965787,-124.76059330050339,-142.82158789925597,10.943426231972884,-119.99223579936552
small,,reinforce_minus_a2c,-4.976640240001143,-11.543440199999532,5,-9.572920399998111,-3.5062579000023106,-8.012486720000016,-7.146926400000666,-14.474449399998775,4.250674253216174,-5.361879500000214,0.0,0.0,5,0.0,0.0,0.0,0.0,0.0,0.0,0.0,0.0,0.0,5,0.0,0.0,0.0,0.0,0.0,0.0,0.0,1.1437879189113431e-05,-0.00018757582811135265,5,-0.00019449344244004685,8.418636698048765e-05,-8.836565647887262e-05,-0.0001123976330812404,-0.00021824731129771457,0.00012858701524634593,-8.76262555848939e-07,-14.919227305119382,-29.78701995217927,5,-28.217391757528162,-11.743489688767,-22.353123628649325,-26.891525339620188,-32.80439545310992,9.768904578013963,-12.108815904221359,0.0,0.0,5,0.0,0.0,0.0,0.0,0.0,0.0,0.0,-17.32884025622509,-29.673870867649565,5,-29.38923729175403,-14.97410877789082,-23.501355561937327,-25.338431449203654,-32.12622415276806,7.847564014516319,-15.678776138070077,0.1292145924692972,0.09191039467080345,5,0.09363774775535993,0.14153117396095294,0.11056249357005032,0.11027341609799546,0.08100153087265094,0.02433759047981312,0.12636859916329235,-22.64166537942474,-59.63627270009565,5,-52.27300960003413,-16.93904609902347,-40.52026193960082,-37.46458669865933,-74.99184330007847,23.851077626542303,-20.93282400020871,-200000.0,-450000.0,5,-400000.0,-150000.0,-320000.0,-300000.0,-550000.0,160468.06535881213,-200000.0,28.707958271151814,8.320683434709292,5,13.321135669808257,35.72793720891943,18.583983705311216,16.844649184252887,0.6280425200813511,13.305215858015616,26.39815394349415,5,-8.128646379816928,-14.045316979816198,5,-11.279215599697636,-7.188937199936845,-10.782918999862886,-10.563299900222773,-17.03211349996309,3.9006300801676614,-7.851028799494088
small,,reinforce_minus_ppo,-128.73662585999773,-144.47470181999853,5,-135.67388390000087,-127.22091729999738,-135.18426961999867,-130.49266050000006,-153.1595692999981,10.518232329162643,-129.37431709999692,0.6,0.0,5,0.0,1.0,0.2,0.0,0.0,0.44721359549995804,0.0,0.0,-0.6,5,0.0,0.0,-0.2,0.0,-1.0,0.44721359549995804,0.0,0.048111814118940874,-0.00028344587125945787,5,-0.0002836184195742497,0.08021641459793483,0.01594369518710017,-0.00012414704375962593,-0.00036292273669458197,0.03593037728361417,0.0002727495375944855,87.59687643478956,-22.882772703828966,5,-22.957674485917806,153.51168105579205,18.34091565272478,-10.014369050170473,-29.24207274856937,76.43051937800021,0.40701349248951146,0.225,0.0,5,0.0,0.375,0.075,0.0,0.0,0.16770509831248423,0.0,24.986795171756974,-24.031946941867528,5,-25.498119372435212,49.64078426308063,-2.5486067883929193,-11.994188465228518,-28.58465374961935,31.84519926905103,3.6931433822378494,-0.08766041228251353,-0.1293178153276874,5,-0.12549472035494924,-0.07867788920672314,-0.10848911380510047,-0.111984425895723,-0.14180760501640777,0.026817120411006125,-0.0844809285516992,93.43630910006505,46.955245139773254,5,40.98491329958051,103.104718500339,70.19577711991914,76.21509049994529,38.29565429987997,29.505069696019056,92.37850899985096,530000.0,250000.0,5,200000.0,600000.0,390000.0,450000.0,200000.0,181659.0212458495,500000.0,-26.34920989121188,-64.0605151942232,5,-58.15608952384798,-15.714717642497789,-46.1372397989865,-56.74877272431729,-73.62081209955136,24.11268600751374,-26.445807004718063,5,-131.30334329924517,-146.20463971939753,5,-138.16525240053852,-130.5555356995883,-137.36604503952077,-132.61162209999748,-154.1008034989536,9.81462950742613,-131.3970114985259
tiny,,a2c_minus_ppo,-132.34460272000143,-152.49110108000022,5,-145.618228000003,-127.776755400002,-141.54371290000125,-137.47803260000364,-162.49981339999795,13.356923120464469,-134.34573509999973,0.0,-0.8,5,-1.0,0.0,-0.4,0.0,-1.0,0.5477225575051662,0.0,0.8,0.0,5,0.0,1.0,0.4,0.0,0.0,0.5477225575051662,1.0,0.00010268059595386347,-0.3575881542115293,5,-0.43662991359186576,0.0001569614332677105,-0.1773783290627848,-7.23510567155472e-05,-0.4504822576835852,0.24303530410725596,0.00013591558497472178,6.727919031164674,-141.00588268160408,5,-173.40137565385066,9.096171872464168,-66.82028054570583,3.3960947509233392,-179.2178720280519,99.9911429432356,6.025578329985848,-0.325,-0.825,5,-0.75,-0.25,-0.55,-0.375,-1.0,0.31374750995027834,-0.375,-53.08441660685738,-145.76328402427646,5,-127.67157162722383,-40.148281648446755,-94.22721601887966,-61.83915611231555,-179.8338888938732,58.05657631805438,-61.64318181253893,-0.4316302093499635,-0.4902931082100205,5,-0.49476449896230484,-0.40673503346143414,-0.4611665215211992,-0.4603667124326005,-0.5007849153464461,0.03868245951149408,-0.4431814474032102,288.5110647399466,240.53022727939387,5,251.68175079888533,293.2489569996724,266.181968059692,275.45530110061736,220.22277709939954,30.507582874434885,290.30105429988544,1820000.0,1520000.0,5,1700000.0,1850000.0,1700000.0,1800000.0,1350000.0,203100.960115899,1800000.0,-139.44809024561923,-165.7225236394127,5,-166.42362539603283,-125.81227875823669,-154.6610356935501,-159.61320210725754,-168.0760826488702,17.151806096059584,-153.37998955735318,5,-130.62938855994943,-150.5437198812353,5,-143.5421279019065,-126.59872890065162,-139.67321254076523,-135.93441840007654,-160.2832542020078,13.071205622155613,-132.0075332991837
tiny,,reinforce_minus_a2c,-7.485430379999525,-33.32048431999938,5,-26.62213459999839,-0.4659220000012283,-19.02021953999938,-12.794756499997675,-43.36800890000086,16.469899826899468,-11.850275699998747,0.4,-0.8,5,-1.0,1.0,-0.2,0.0,-1.0,0.8366600265340756,0.0,0.8,-0.4,5,0.0,1.0,0.2,0.0,-1.0,0.8366600265340756,1.0,0.3424238700043253,-0.2544187306313722,5,-0.31095630785117523,0.4504314267055487,0.044002569686476534,-0.00020843156696281895,-0.32498630294377395,0.37421121636773225,0.40573246408874597,81.2180323094629,-146.37649598377658,5,-180.25877320922973,178.7939450493369,-32.57923183715684,-8.402109380793036,-181.4814120598152,152.45416841986668,28.452190414716853,0.425,-0.425,5,-0.5,0.75,0.0,0.125,-0.625,0.5659615711335886,0.25,71.85210057557143,-77.27451401819492,5,-90.91358230318635,127.6488238098779,-1.2863107714967015,30.99787321858085,-110.64715960251617,98.85072447056967,36.48249101976026,0.22813939066983807,0.06445708368413842,5,0.0535109775097205,0.2701852004954542,0.14629823717698826,0.15774588127181155,0.02875879106471979,0.10431663338354216,0.2212903355432353,-25.893101979217317,-138.45166881975965,5,-131.50880639976276,-2.7255446996532555,-82.17238539948849,-98.48005869943881,-165.38033629991696,72.02858572748683,-12.767180898670631,-50000.0,-880000.0,5,-850000.0,200000.0,-470000.0,-700000.0,-1000000.0,535723.8094391549,0.0,69.9727358233769,-2.649186053247911,5,-1.191632214741574,82.71581901090369,33.661774885064496,38.70819406920381,-24.78542995298011,46.36607861350324,72.86192351293664,5,-9.735486620153461,-34.575175099650004,5,-28.40093510031693,-2.7395291996544984,-20.805826499754403,-14.90589149884363,-43.83653509864962,15.761104144314876,-14.146241601307338
tiny,,reinforce_minus_ppo,-141.6469683400006,-184.45502919999961,5,-164.10016720000203,-134.81165710000096,-160.56393244000066,-157.46850370000175,-205.8678222999988,28.006274457898297,-140.57151189999968,-0.2,-1.0,5,-1.0,0.0,-0.6,-1.0,-1.0,0.5477225575051662,0.0,1.0,0.2,5,0.0,1.0,0.6,1.0,0.0,0.5477225575051662,1.0,-0.006228828684633791,-0.2605226900679828,5,-0.3107993464179075,-5.083097803648684e-05,-0.13337575937630827,-0.03089744950311979,-0.3250586540004895,0.1690181621575976,-7.251598198809717e-05,-29.99851441642039,-168.80051034930497,5,-172.38524018735103,5.392569395486248,-99.39951238286268,-150.76568161333506,-174.23319487924388,91.4562636756199,-5.006014629869696,-0.175,-0.925,5,-0.875,0.0,-0.55,-0.875,-1.0,0.5046657309546587,0.0,-31.242618513471438,-159.78443506728127,5,-152.5567641157253,-0.022747817345930343,-95.51352679037635,-148.83601567529234,-172.48631571483173,85.98913374251187,-3.6657906286864943,-0.22350487833395602,-0.40623169035446577,5,-0.43160792136788073,-0.18544469791819884,-0.3148682843442109,-0.28543556613139864,-0.44125352145258434,0.1165325195391373,-0.23059971485099184,236.99449196057247,131.60298521991098,5,127.86862069975541,272.7297564009641,184.00958266020353,158.79224790012267,121.74271839996072,68.10049709705962,238.9145699002147,1670000.0,790000.0,5,850000.0,1900000.0,1230000.0,950000.0,650000.0,577278.0958948642,1800000.0,-79.50524916091737,-162.49327245605383,5,-167.6152576107744,-52.950355245300045,-120.99926080848559,-120.90500803805372,-178.1654195103333,53.24899391032704,-85.36026363796651,5,-141.8643022997734,-183.48793838086493,5,-164.33535350039347,-134.7470624988382,-160.47903904051964,-158.44801940075013,-204.11978930065743,27.272144044264895,-140.74497050195896
,a2c,medium_minus_large,-5.584937179999542,-34.37949217999994,5,-35.80160610000166,3.8729364999999234,-19.982214679999743,-21.94586989999516,-39.174189400000614,18.463749698639578,-6.8623445000012,0.0,0.0,5,0.0,0.0,0.0,0.0,0.0,0.0,0.0,0.0,0.0,5,0.0,0.0,0.0,0.0,0.0,0.0,0.0,9.888120103251907e-05,-0.00017538641393737285,5,-8.577939575271643e-05,0.0001147046878620106,-2.3157542829510547e-05,4.9482265911837686e-05,-0.00030195245393205283,0.0001754061718559678,0.00010775718176336824,32.388654598444916,18.721468448012736,5,26.016330651081944,36.388355081732186,26.308743989437893,26.389103873514017,12.420540624060209,8.813885463097014,30.329389716801103,0.3,0.125,5,0.125,0.375,0.2,0.125,0.125,0.11180339887498948,0.25,82.20612872571594,44.85908909064479,5,62.57609417632992,95.2111227942012,63.5517776976817,62.69863762298803,32.22315869100234,22.29193017251517,65.04987520388698,0.2037778648485821,-0.0018832202714421653,5,0.021131792165446805,0.3128612171965771,0.0878502351330934,0.040152836326589614,-0.045916261007347026,0.13764694126257968,0.1110215909842005,45.94169048030599,-73.91933746036011,5,-27.446287600960204,71.1520667005534,-9.360892240125395,-5.592467000493343,-128.61631320055676,77.23467142271366,43.69853990082993,300000.0,-350000.0,5,-150000.0,450000.0,0.0,100000.0,-650000.0,424264.0687119285,250000.0,64.76859737109842,16.45241154455114,5,26.501650301697993,85.47019651492683,38.24682759036376,36.831660832399464,1.4998832937808686,30.526790683194974,40.93074700901363,5,-4.442598039639416,-28.513623759996698,5,-25.174118799674034,2.988316600822145,-16.895071100124916,-20.351583000930987,-35.93414909985222,15.467264037662854,-6.003821200989478
,a2c,small_minus_large,-11.928307640000275,-36.22127539999856,5,-36.909400799999275,-6.938192199999321,-24.074791519999415,-29.4919983999971,-38.89778849999857,15.503904840766527,-8.136577700002817,0.0,0.0,5,0.0,0.0,0.0,0.0,0.0,0.0,0.0,0.0,0.0,5,0.0,0.0,0.0,0.0,0.0,0.0,0.0,0.00010816359665790642,-7.136327941887899e-05,5,-7.437068094029442e-05,0.00016742556859239421,1.8400158619513717e-05,2.1606696145592963e-05,-0.00011484086567969953,0.00011621309090150316,9.218007497957537e-05,34.98172852897467,15.795624444478245,5,21.096688820735835,38.91450282535243,26.17439578323686,28.953881785839883,7.844027880091858,12.186565459390225,34.0628776041643,0.3,0.125,5,0.125,0.375,0.2,0.125,0.125,0.11180339887498948,0.25,81.77598819622058,45.11776927198307,5,59.671911230388474,94.24502058690885,64.12213940191177,64.57654732966967,31.899858633467517,22.376472414633284,70.21735922912433,0.16807239644028754,-0.035392295551591645,5,-0.028371740275489055,0.2342452767076918,0.06061917692280907,-0.017333091137037515,-0.0514424530349713,0.13019643288188593,0.16599789235385143,45.53555693937524,-55.060885900678116,5,-54.43137250015934,70.54797129922008,-4.762664480651438,-4.790307101851795,-80.82568870061004,64.16644783361916,45.68607460014391,300000.0,-220000.0,5,-200000.0,450000.0,40000.0,0.0,-350000.0,334290.2930089356,300000.0,51.20035579318473,3.847253485163992,5,4.634272728379443,64.57477137826572,27.523804639174365,16.938626492093306,-3.485452261516116,30.507762612066195,54.95680485864945,5,-10.018254039734165,-30.301013580102882,5,-27.50846490101685,-5.606374899023649,-20.163822899995647,-27.39305010022872,-34.54754399912599,13.531263016046008,-5.7636806005830294
,a2c,small_minus_medium,0.25633988000190583,-8.730103760001658,5,-7.546128500001942,2.2647886000013386,-4.0925768399996745,-3.0961823999969056,-12.00951420000274,5.747780581068707,-0.07584769999812124,0.0,0.0,5,0.0,0.0,0.0,0.0,0.0,0.0,0.0,0.0,0.0,5,0.0,0.0,0.0,0.0,0.0,0.0,0.0,0.0001250928720599731,-3.26065534110409e-05,5,1.1408714812422005e-05,0.0001871115882523533,4.155770144902427e-05,4.269780906773768e-05,-8.615048561777527e-05,9.81455460269454e-05,5.272088073038361e-05,3.0245358685996733,-3.354132064536162,5,-4.576512743968351,3.7334878873631965,-0.13434820620103097,2.5261477436202426,-4.919641830346109,4.241330492878642,2.564777912325866,0.0,0.0,5,0.0,0.0,0.0,0.0,0.0,0.0,0.0,3.267265502098786,-1.6617914514637278,5,-0.9661022072923515,5.167484025237343,0.570361704230072,-0.3233000575348228,-3.0267263925995564,3.1335718700599804,2.0004531533397483,0.018175627095849967,-0.06654918349688246,5,-0.06852457660207867,0.054976301369650926,-0.02723105821028433,-0.03846488330248432,-0.07861594048888532,0.0540853741765582,-0.005526192027624277,34.38721845915643,-29.026655440203466,5,-25.465992100409494,47.790624499946716,4.598227759473957,22.65598049910841,-48.838905499666,40.144010014917505,26.849431398390152,230000.0,-170000.0,5,-150000.0,300000.0,40000.0,150000.0,-300000.0,253475.8371127315,200000.0,9.546120885204882,-26.17568038394279,5,-23.992120516920323,27.74311054586626,-10.723022951189396,-21.86737757331855,-30.513391656277378,23.475991813458453,-4.9853355552969845,5,0.1838290601845074,-6.721332659925975,5,-7.0414670992977335,1.3866051007262286,-3.2687517998707336,-2.334346101342817,-8.594691499845794,4.40047730866781,0.24014060040644836
,a2c,tiny_minus_large,-13.49253536000324,-43.443286039997474,5,-34.95207930000106,-6.8451118000048154,-28.269740500000626,-30.813219700001355,-56.76302959999521,19.9218172067425,-11.975262100000691,0.0,-0.8,5,-1.0,0.0,-0.4,0.0,-1.0,0.5477225575051662,0.0,0.8,0.0,5,0.0,1.0,0.4,0.0,0.0,0.5477225575051662,1.0,2.631251715459193e-05,-0.3575500978584914,5,-0.4365986867691799,0.00012356899453069836,-0.17741753690399562,-0.0002851611547105559,-0.4504121984663294,0.24295305801041775,8.479287571105942e-05,28.69519281421742,-135.77665793073257,5,-165.07339740891962,36.209539193759866,-52.78409609024909,18.791569926459317,-179.98085004109907,109.6114712861289,26.132657878554028,-0.15,-0.55,5,-0.625,-0.125,-0.35,-0.25,-0.625,0.25617376914899,-0.125,1.4909486826599276,-87.7619808669048,5,-98.12041032115292,15.624539337298131,-42.762481731651036,-14.732891874266727,-112.05292410661873,58.14214322402431,-4.530721693514948,-0.08313363599813517,-0.30123182772853446,5,-0.3179364483427471,-0.02505259129312465,-0.19218273186333482,-0.2321411579328857,-0.3190725420121462,0.13891306316140195,-0.06671091973577042,207.5606189799073,100.2509125593795,5,133.35738579918325,220.4355320005634,160.07904283968963,195.09015649964567,50.591202699673886,69.35124060163126,200.92093719938202,1350000.0,710000.0,5,950000.0,1400000.0,1070000.0,1250000.0,400000.0,413219.0702278877,1350000.0,-40.84121782827786,-95.69572742474811,5,-103.7400657282113,-13.731155285903128,-68.6274818673539,-61.78875586705473,-104.60487490013163,37.66681500056209,-59.2725575554686,5,-9.036171699570696,-38.797528480794426,5,-27.644666899774165,-2.8531625991963665,-22.824399260294012,-22.1920391007734,-52.45542390123592,19.314770540189677,-8.976703800490213
,a2c,tiny_minus_medium,2.9714147799997592,-22.864000120000856,5,-10.718048300004739,8.36096969999926,-8.287525820000884,-5.112917599999491,-34.81715970000005,16.435215121373105,0.8495268000006035,0.0,-0.8,5,-1.0,0.0,-0.4,0.0,-1.0,0.5477225575051662,0.0,0.8,0.0,5,0.0,1.0,0.4,0.0,0.0,0.5477225575051662,1.0,8.447351337177444e-05,-0.3576149389696891,5,-0.43670644395094327,0.0002093483902834148,-0.17739437936116612,-2.9911812150951178e-05,-0.45046168073224124,0.24304549978097734,1.6791299221496914e-05,-3.195171235412283,-154.99050892396167,5,-191.4625012824336,-0.17881588797231984,-79.09284007968697,-7.224760724622627,-192.40139066515928,103.03839025895934,-4.196731838247075,-0.325,-0.825,5,-0.75,-0.25,-0.55,-0.375,-1.0,0.31374750995027834,-0.375,-62.09916659402444,-158.27549960270565,5,-144.2760827976211,-49.42533586658885,-106.31425942933274,-77.43152949725476,-193.33153311535412,60.45843881568679,-67.10681586984487,-0.20391695631992893,-0.3500157291129423,5,-0.3580892846693367,-0.13607418227732515,-0.2800329669964282,-0.27315628100479916,-0.37957213693234754,0.09680954768590845,-0.2532729500983325,229.15145566008505,104.17126473998724,5,129.76887049882862,261.97369899974,169.43993507981503,176.73699209973347,56.18366970016723,80.36752887402548,222.53644410060588,1430000.0,650000.0,5,950000.0,1600000.0,1070000.0,1100000.0,300000.0,499499.74974968703,1400000.0,-77.10289528656116,-133.61085805781687,5,-131.10652520182964,-50.56281611830259,-106.87430945771764,-105.23994902199217,-144.74275407039542,36.097566438516324,-102.71950287606836,5,4.0435601991361185,-19.834184440406535,5,-5.841479200018512,8.289482200078055,-5.9293281601690975,-2.9728825995007355,-32.10384090030493,15.616026727915536,2.982079698900634
,a2c,tiny_minus_small,4.2750492999977725,-16.150796479999553,5,-5.03706990000137,6.096181099997921,-4.194948980001209,1.291465899998002,-27.271031199998106,13.559988573284995,3.945709199997509,0.0,-0.8,5,-1.0,0.0,-0.4,0.0,-1.0,0.5477225575051662,0.0,0.8,0.0,5,0.0,1.0,0.4,0.0,0.0,0.5477225575051662,1.0,1.205873522969192e-05,-0.35764321235642677,5,-0.4366202934653255,0.00019793967547099278,-0.17743593706261512,-0.0001703202890308564,-0.450504378541309,0.24298867872880123,-8.263269288133479e-05,-3.5900769554696863,-154.5223358274124,5,-187.82487792119093,-2.305118894276518,-78.95849187348597,-7.9302197256102716,-194.0272791947595,102.25956120262806,-2.7049636315925625,-0.325,-0.825,5,-0.75,-0.25,-0.55,-0.375,-1.0,0.31374750995027834,-0.375,-64.36099618693535,-158.0312688974912,5,-143.95278274008626,-54.592819891826196,-106.88462113356282,-74.4048031046552,-192.36543090806177,58.943864891435375,-69.10726902318461,-0.2155048451608069,-0.28973437959972304,5,-0.28956470806725804,-0.19105048364697608,-0.25280190878614384,-0.2676300889771749,-0.3009561964434622,0.047819933852021206,-0.21480806679584818,198.46344956044413,132.9671499804681,5,149.88756070134332,214.1830744997933,164.84170732034107,155.2348625992381,105.02257519983323,43.46415618390756,199.88046360149747,1240000.0,790000.0,5,900000.0,1300000.0,1030000.0,1100000.0,600000.0,286356.4212655271,1250000.0,-82.86424630266579,-109.43832671039067,5,-109.23914762851108,-78.30592666416885,-96.15128650652824,-100.25461346669519,-114.22936241411804,16.85968218154859,-78.72738235914804,5,5.438363619803567,-14.29945350071539,5,-3.213023199907184,6.9028770993518265,-2.6605763602983643,2.7532122998272825,-25.062373801007197,13.101021327417872,5.316425800243451
,ppo,medium_minus_large,-25.6810139200039,-67.3722491799992,5,-47.78955400000268,-18.404352900004596,-45.20557012000063,-46.54174179999609,-87.88974499999676,27.1148928188647,-25.402456900003017,0.0,0.0,5,0.0,0.0,0.0,0.0,0.0,0.0,0.0,0.0,0.0,5,0.0,0.0,0.0,0.0,0.0,0.0,0.0,-0.00013026163885112573,-0.0002515712749256327,5,-0.0002644544875074484,-8.394454022342401e-05,-0.00019091645688837922,-0.00018188221817028172,-0.0002735325907214925,7.963940383576878e-05,-0.00015076844781924947,8.462080020133635,-9.18499284551417,5,-10.639416029022698,12.359950351464818,-0.36145641269026785,-1.4078106034032771,-11.61916078306109,11.096542999516522,9.499155000570909,0.075,-0.075,5,0.0,0.125,0.0,0.0,-0.125,0.08838834764831845,0.0,14.76158362190166,-9.568611852885983,5,-7.04341785399302,28.619776593963024,0.19489096517369262,-6.025705836190383,-13.356402851225425,16.467406924409325,-1.2197952266857328,0.007410445117457786,-0.0506764122565726,5,-0.04123859215401238,0.011276629524456072,-0.019944925754067432,-0.005821747915934372,-0.07410127545200207,0.03696927160154118,0.010160357227155581,10.015918240077008,-4.1476680002611825,5,-1.7355710001611442,13.51067950019933,2.8011465598967336,-0.837800800021796,-8.214698600480915,9.24406053513813,11.283123699948192,40000.0,0.0,5,0.0,50000.0,20000.0,0.0,0.0,27386.127875258306,50000.0,8.915385755833046,-25.766262036206683,5,-25.567863479179636,20.49695426788759,-8.211712545358642,-4.141267044019884,-35.70853011518625,22.604452170720148,3.862143643704968,5,-26.207431598327094,-66.6962585793568,5,-47.854690900290734,-19.220990097728645,-45.21971217918035,-46.801014700278756,-86.70236839944482,26.43050526162802,-25.519496798158798
,ppo,small_minus_large,-54.56443470000231,-84.85139145999929,5,-84.09878919999755,-43.51989620000313,-69.91275790000145,-71.50343790000261,-92.27797049999936,19.612496608314625,-58.16369570000461,0.0,-0.6,5,0.0,0.0,-0.2,0.0,-1.0,0.44721359549995804,0.0,0.6,0.0,5,0.0,1.0,0.2,0.0,0.0,0.44721359549995804,0.0,-5.338780933956677e-05,-0.04814043713409914,5,-0.0002148654318847587,2.1054164173639478e-05,-0.016114512730423212,-0.00012502410767400995,-0.08015071248504924,0.03579742296199075,-0.00010301579168170427,4.972936786402471,-95.45805706326952,5,-20.376057272822578,16.045280481962948,-33.82786578520275,-9.90949405720113,-152.49043240064844,67.65416421344949,-2.4086256773045136,0.075,-0.225,5,0.0,0.125,-0.05,0.0,-0.375,0.18957188610128878,0.0,17.15239536870174,-30.69676046358895,5,-17.448542361508203,36.445770625500586,-7.266701627941046,-12.138488365338787,-47.48239323586134,30.777617586878097,4.290145197502511,0.02132677140240642,-0.005002147529957357,5,-0.005689914091811299,0.033774815262199276,0.00631646748639767,-0.0018119749638338956,-0.005909467251165146,0.016864850663207392,0.011218878476599414,7.241158279899537,-8.956106120034383,5,-7.320156600155315,9.774543499836,-0.8574739200674231,-2.518047999848932,-13.811084700006177,10.421786007931887,9.587376199837308,40000.0,-20000.0,5,0.0,50000.0,10000.0,0.0,-50000.0,41833.00132670378,50000.0,15.496640927693523,-12.013936961309621,5,-7.4856865789876395,22.662851688421824,1.2860591480759127,-6.356099393915969,-19.37110612732843,17.785824253400616,16.98033615218978,5,-54.74608323979119,-84.19368557958587,5,-83.43981019953935,-43.8345269995807,-69.7590147200237,-71.37861530179725,-91.3550960985267,19.030512498830962,-58.787025000674475
,ppo,small_minus_medium,-13.927959840001858,-33.72040052000157,5,-32.76123880000159,-4.388225500002591,-24.707187780000822,-25.115543299998535,-37.557047400001466,12.688580151569628,-23.713883899999928,0.0,-0.6,5,0.0,0.0,-0.2,0.0,-1.0,0.44721359549995804,0.0,0.6,0.0,5,0.0,1.0,0.2,0.0,0.0,0.44721359549995804,0.0,0.00016300621973694974,-0.04801229288723981,5,-3.298321371447699e-05,0.00017182261199288895,-0.015923596273534835,0.00014850848304748254,-0.08006676794482581,0.03585722195681907,0.0001614386958257441,0.21067049378326033,-92.68919586875019,5,-11.907780677875422,3.68533013049813,-33.46640937251247,-9.73664124379988,-151.08262179724517,66.10419402268208,1.709666725859961,0.075,-0.225,5,0.0,0.125,-0.05,0.0,-0.375,0.18957188610128878,0.0,9.790104834975637,-28.273384900700886,5,-10.405124507515183,17.646548048727936,-7.461592593114739,-6.112782529148404,-46.262598009175605,24.39329170752553,7.825994031537562,0.048914596387104006,0.006303700368706267,5,0.004009772952100477,0.06841136136019077,0.026261393240465104,0.023614458035043695,-5.7751047856657856e-05,0.027630064230397735,0.03532912490284723,-0.5496514998994826,-7.923607219951373,5,-3.736136000363331,0.8945420003256004,-3.6586204799641564,-1.6957475001108833,-12.075513699845033,4.983678858867613,-1.6802471998271358,0.0,-30000.0,5,0.0,0.0,-10000.0,0.0,-50000.0,22360.679774997898,0.0,21.591206245067944,-1.9815867764644395,5,2.165897420534236,28.22284353619861,9.497771693434554,6.196757351851204,-10.218243037620937,15.322500507698932,21.121603196209662,5,-14.149927140253567,-33.341567820360794,5,-33.26752820251568,-4.652727699081879,-24.539302540843345,-24.613536901852058,-36.638795499260596,12.44077987401756,-23.52392440150652
,ppo,tiny_minus_large,-42.68678512000115,-78.61592839999867,5,-67.80582839999624,-37.83478120000291,-59.735776880000046,-58.03832380000313,-95.13693129999956,23.429836226878514,-39.863019699998404,0.0,0.0,5,0.0,0.0,0.0,0.0,0.0,0.0,0.0,0.0,0.0,5,0.0,0.0,0.0,0.0,0.0,0.0,0.0,-3.107186489983427e-05,-0.000227307538231436,5,-0.00021666644634521504,4.353983640137393e-05,-0.00014005988667449288,-0.00021251607367434033,-0.00024534436239620483,0.00012340720382153308,-6.93123873580781e-05,0.9971366432197157,-11.541212306437211,5,-12.182493143284887,4.964191111435355,-5.272037831608747,-8.550199172434844,-12.395438036590718,8.12543418003074,1.8037500828313568,0.075,0.0,5,0.0,0.125,0.025,0.0,0.0,0.055901699437494755,0.0,14.150192715414061,-8.717075177595575,5,-9.75244731807254,25.735461114439204,1.0286420309202071,-4.384383875518324,-9.848048688157235,14.831136851736238,3.3926289219099317,0.0081508765920419,-0.012215414443390004,5,-0.012488762030441802,0.019842138046936908,-0.0043705271536978564,-0.010433980604383164,-0.012832783775841627,0.01381118235113984,-0.0059392474047595956,14.853185199893778,2.593131940144667,5,4.182624799879704,19.931632899748365,8.518304400101623,9.930355100292218,-1.7414932997562573,8.05376881253474,10.288402500344091,80000.0,20000.0,5,50000.0,100000.0,50000.0,50000.0,0.0,35355.33905932738,50000.0,5.805086345246099,-15.794352732141288,5,-11.737125732728288,13.083210152727077,-4.925415169199954,-5.353340107376027,-23.307408884677812,13.845113107199476,2.6875887260552815,5,-43.003590218928004,-77.69722179983656,5,-66.94955929972275,-37.93104259823667,-59.3295045792147,-57.30417369835777,-93.53690119985185,22.52166736310013,-40.92584609990445
,ppo,tiny_minus_medium,-1.177698059999966,-28.753312259999074,5,-21.264086600000155,7.926534300004278,-14.53020675999942,-12.432324299999891,-39.63397089999853,17.58758673446298,-7.247186300002795,0.0,0.0,5,0.0,0.0,0.0,0.0,0.0,0.0,0.0,0.0,0.0,5,0.0,0.0,0.0,0.0,0.0,0.0,0.0,0.00010856220036976616,-2.467397435128582e-05,5,4.778804116223334e-05,0.00012748437662479795,5.0856570213886344e-05,6.1016517047152163e-05,-9.457591457695536e-05,8.795395851190837e-05,0.00011256983081220362,0.7080869288907309,-11.666452214562417,5,-7.395759240029463,3.211560686234634,-4.91058141891848,-1.7560220075680206,-18.049354173005753,8.270768859671552,-0.5633323602237965,0.075,0.0,5,0.0,0.125,0.025,0.0,0.0,0.055901699437494755,0.0,5.7288331192386295,-3.2053489513952345,5,-2.8843154795238206,8.972018975707101,0.8337510657465146,-2.8046308341642145,-3.726741481882158,5.665017846462977,4.6124241485956645,0.04565593196628988,-0.010374214801965787,5,-0.007011035859907255,0.06816202804724247,0.015574398600369577,0.009681780819781327,-0.023765391554897874,0.0356716345323895,0.030804611549629213,15.280842780097009,-2.0107567397513777,5,-0.9947211996041005,21.66720389990951,5.717157840204891,-0.9036924997344613,-3.580324399907113,10.889866122821369,12.39732340036062,70000.0,0.0,5,0.0,100000.0,30000.0,0.0,0.0,44721.359549995796,50000.0,14.265864960457709,-6.199600227596238,5,-7.413744115160512,23.971404382457962,3.2862973761586884,2.260454594501823,-9.215483751080995,13.344110540968959,6.828855770075165,5,-1.3291817600897047,-27.814528480408626,5,-20.148544599443994,6.928844800386287,-14.109792400034348,-12.411545800077874,-38.08318360062913,16.655537463481824,-6.8345328004070325
,ppo,tiny_minus_small,24.046325240002624,-5.217065819999698,5,-2.8589608000002045,31.640418200004206,10.176981020001403,16.29296080000131,-14.518427599999995,18.580534731776098,20.3289145000017,0.6,0.0,5,0.0,1.0,0.2,0.0,0.0,0.447213595499958,0.0,0.0,-0.6,5,0.0,0.0,-0.2,0.0,-1.0,0.447213595499958,0.0,0.04809238229646173,-0.0001695180656934081,5,-0.00011365065466351076,0.08019425232145061,0.01597445284374872,-8.749196600033038e-05,-0.0002663985265698443,0.03590026153209012,0.0001455530445266806,91.95641546322874,-7.343664963479921,5,-6.141573495130331,154.2941824834798,28.555827953593997,-2.2729990860837574,-11.081089370527593,70.63795805468513,7.98061923623186,0.225,0.0,5,0.0,0.375,0.075,0.0,0.0,0.16770509831248423,0.0,30.310206214728787,-7.276727224179638,5,-8.674529073020835,50.87502215777127,8.295343658861253,2.3860410472662466,-10.710309511061382,24.988112813295707,7.600493673350968,-0.0038410381014650553,-0.017916022417920806,5,-0.013932677215262368,-0.00024933331294829664,-0.010686994640095527,-0.011020808812007732,-0.023707640507041217,0.009043009118427635,-0.004524513353218018,22.577349159950973,0.4980461004037352,5,0.7010263005067827,33.74271759975454,9.375778320169047,0.7765547000926745,0.155811600456218,14.426344198549506,11.502781400035019,100000.0,0.0,5,0.0,150000.0,40000.0,0.0,0.0,65192.024052026485,50000.0,-2.0237052190719056,-11.23364608359961,5,-9.579641535694748,1.0027592865399413,-6.211474317275867,-4.251439153740648,-14.292747426134497,5.867598218841574,-3.936302757349381,5,23.821550821695563,-4.346952559043712,5,-2.1818051013251534,30.452769201892806,10.429510140808997,16.4902508998166,-13.469646698777069,17.86469825925773,20.855982402437803
,reinforce,medium_minus_large,-29.999840359999872,-172.38236172000106,5,-53.626078000001144,-27.675347299998975,-81.50495630000042,-37.39128299999902,-260.20346110000173,100.43647025121321,-28.62861210000119,0.6,0.0,5,0.0,1.0,0.2,0.0,0.0,0.44721359549995804,0.0,0.0,-0.6,5,0.0,0.0,-0.2,0.0,-1.0,0.44721359549995804,0.0,0.5928430803828104,-0.0002251788865309301,5,-0.00018383728888315964,0.988144258227304,0.19750545534671435,-0.00010868638392991237,-0.00030879966142616233,0.44198054024479166,-1.5658159493003865e-05,127.22578861727322,-2.132641620495093,5,9.423851124138935,204.24126761096596,46.259688872729626,11.702570126734116,-14.148266865509356,89.22415737124041,20.079022367318487,0.625,0.0,5,0.0,1.0,0.225,0.0,0.0,0.4366062299143246,0.125,128.8335581383927,5.836654993753126,5,6.223767087388353,205.71561035956867,50.81938734201175,20.639594952063163,0.7207717851693474,87.03969293085541,20.797192525869235,0.49844850374392113,-0.031234835384929282,5,-0.031063457405517747,0.8401003916572258,0.1524609057007822,-0.01867374949572531,-0.037686756308942804,0.3848290751895958,0.00962810005687098,22.538770419683352,-231.1644007594492,5,-12.407782599966595,42.201256499802184,-70.02026007996065,-6.954958700494899,-385.23720279906775,177.50212295477198,12.297387199923833,150000.0,-750000.0,5,-100000.0,250000.0,-200000.0,0.0,-1250000.0,601040.7640085653,100000.0,92.66759857472962,-6.955923489158823,5,-5.653535304438293,154.27150174029916,29.368675569906024,0.2617438263752945,-11.867145331646412,70.2790966749608,9.830812918940381,5,-28.628595280407534,-134.50661941980215,5,-51.36767720034004,-27.128944100224544,-67.61487660018284,-34.24611800014645,-198.01215859948206,73.55903411229751,-27.319485100721067
,reinforce,small_minus_large,-14.252542419999008,-166.42617872000045,5,-48.260461199999554,-8.782212699998126,-70.82466907999951,-23.737576499997886,-258.36273990000154,105.90646766054786,-14.980355100000452,0.6,0.0,5,0.0,1.0,0.2,0.0,0.0,0.44721359549995804,0.0,0.0,-0.6,5,0.0,0.0,-0.2,0.0,-1.0,0.44721359549995804,0.0,0.5927941538653505,-0.00021278329125489214,5,-0.0002510142190752518,0.9879811811621958,0.19755262354307804,7.130944418221041e-05,-0.0003165987311530838,0.441863062705049,0.00027824005924048656,127.29914220320333,0.08012298074800128,5,0.19800518602824013,203.053349816991,46.43285191427907,1.5772430033323417,-0.7863192358244078,88.3807179070819,28.121980800868187,0.625,0.0,5,0.0,1.0,0.225,0.0,0.0,0.4366062299143245,0.125,128.4370782881654,2.5552502353818967,5,2.343261779452945,202.00456716751452,51.735775834991024,28.301101656281844,-7.798479587124632,85.7824497152344,33.828428158830434,0.5040143867201274,-0.06592258236145013,5,-0.07080048537213635,0.8645845309874377,0.13953695248021827,-0.007907691742812362,-0.0853104174818583,0.4069751265426275,-0.002881173989539354,49.441948140040765,-239.53367851993863,5,-3.0781208003809297,81.6629231001134,-58.854249080053705,1.1104856999318145,-410.3118691996897,199.3973678876315,36.34533579975687,300000.0,-840000.0,5,-50000.0,500000.0,-160000.0,0.0,-1450000.0,752828.0016046162,200000.0,101.78845697714443,-20.040581900011922,5,-27.006274820885324,173.14946114108952,29.752437767082505,16.01776321937379,-29.898936987504413,83.2268105790529,16.50017628333896,5,-12.961819779899816,-129.74891221955258,5,-47.9605104000766,-8.421183700094844,-57.6512761997692,-20.874064299645397,-197.45428899919716,79.62443816756003,-13.546333599831996
,reinforce,small_minus_medium,15.748387840000941,4.908297380000659,5,5.36561680000159,18.89313460000085,10.680287220000901,13.64825700000074,1.8407212000001891,6.9188976364014865,13.653706500001135,0.0,0.0,5,0.0,0.0,0.0,0.0,0.0,0.0,0.0,0.0,0.0,5,0.0,0.0,0.0,0.0,0.0,0.0,0.0,0.0001989027108241004,-9.366141206550438e-05,5,-6.717693019209214e-05,0.0002938982187334904,4.716819636367831e-05,-7.79906972692146e-06,-0.00016307706510820807,0.0001862915470267104,0.00017999582811212278,12.980177132511745,-12.633851049412863,5,-12.488889362558524,18.698129676729252,0.1731630415494408,-1.1879177939749752,-18.501779363986145,16.240266267974274,14.346272051537596,0.0,0.0,5,0.0,0.0,0.0,0.0,0.0,0.0,0.0,14.148797593469538,-11.46844245637251,5,-8.51925137229398,22.07733456889349,0.9163884929792687,-3.7110431920541487,-18.29633317261022,16.38694798855994,13.031235632961199,0.01755941073853944,-0.04340731717966728,5,-0.0476236611729155,0.028182283415978393,-0.012923953220563921,-0.017535791799683342,-0.052126735876411034,0.038246846385443185,0.024484139330211874,48.022829299988004,-25.69080730017413,5,-25.074666400621936,69.36553590018957,11.16601099990694,3.8768379001139692,-41.09077079987037,47.16265823801031,48.75311839972346,280000.0,-200000.0,5,-200000.0,400000.0,40000.0,0.0,-300000.0,304959.01363953814,300000.0,20.03901985360394,-19.27149545925098,5,-24.24540168306612,27.884908551020203,0.3837621971764804,6.669363364398578,-27.268018647260618,25.045328208688446,18.87795940079036,5,15.66677550050772,3.732677220302139,5,3.4071668002634397,18.898301400626224,9.963600400413634,13.372053700501056,0.5578696002849028,7.681117487115641,13.582610500392548
,reinforce,tiny_minus_large,-32.55866496000017,-174.962736100001,5,-64.94680339999832,-25.667946699999447,-86.02735088000009,-46.867629399999714,-260.35947390000183,98.61540983560849,-32.29490100000112,0.0,-0.8,5,-1.0,0.0,-0.4,0.0,-1.0,0.5477225575051662,0.0,0.8,0.0,5,0.0,1.0,0.4,0.0,0.0,0.5477225575051662,1.0,0.5121222024956983,-0.25730157144611565,5,-0.31064830285173484,0.9570942280481721,0.0642076218234183,-0.00010571874353781929,-0.32527872852151785,0.5238618374337417,-2.33688142901034e-05,39.641776039905025,-125.14527237533385,5,-154.49496849786976,70.28265649005826,-42.7517481677144,-4.025508016153708,-156.35545843238796,106.16471876754963,30.834537617781166,0.1,-0.75,5,-0.875,0.125,-0.325,0.0,-1.0,0.5631940163034406,0.125,47.05829392304735,-118.26517953610114,5,-132.33915809771435,72.76323363080165,-32.933800508131164,26.97125150396431,-163.461205002542,107.02539720773207,31.396875424834576,0.24757212857309946,-0.3004229032359905,5,-0.2526460191038904,0.5348930526745402,-0.07752921269898767,-0.16504728685411274,-0.3906733141572424,0.3580461907378951,-0.11417249605423307,159.04655570013165,-73.7005205991416,5,82.6448455004047,199.74584150053306,64.33533478039972,97.99762699952953,-196.217904198822,152.51751429800152,137.5062641003533,1240000.0,280000.0,5,400000.0,1650000.0,720000.0,700000.0,0.0,612984.5022510765,850000.0,7.255137056321296,-112.25997948290785,5,-86.76277446170153,49.39754562802862,-51.32105755969246,-41.41152106336955,-152.67436076064197,74.92621193417746,-25.154177140777847,5,-28.987121820604806,-135.5443011593332,5,-60.28797909978857,-20.987878001427816,-70.33476005995908,-45.40022489934563,-196.217904198822,71.99160217036216,-28.779814100411386
,reinforce,tiny_minus_medium,7.652433720000045,-21.744441719999305,5,-3.666288899999927,11.723336299999573,-4.5223945799996725,-0.15601280000009865,-37.27145609999934,19.257988160123983,6.758448600001429,-0.2,-1.0,5,-1.0,0.0,-0.6,-1.0,-1.0,0.5477225575051662,0.0,1.0,0.2,5,0.0,1.0,0.6,1.0,0.0,0.5477225575051662,1.0,-0.006144631589832317,-0.2604510354567598,5,-0.31063264469224183,8.531756963980897e-05,-0.13329783352329605,-0.031050030179131882,-0.3249699288600917,0.16898272859787156,7.811854534534035e-05,-14.178344086982383,-163.84452999390564,5,-168.05802855912208,21.41068649364223,-89.01143704044402,-133.95861112090768,-174.57399086518825,96.96674283748872,10.122758849355648,-0.175,-0.925,5,-0.875,0.0,-0.55,-0.875,-1.0,0.5046657309546587,0.0,-14.051608419536882,-153.45476728074897,5,-152.97875304977754,20.747484416575958,-83.75318785014291,-132.952376728767,-164.18197678771133,91.52101381142126,10.59968289896534,-0.14584196836796307,-0.31856578411845193,5,-0.3052073389826856,-0.08310903864871533,-0.22999011839976982,-0.2149592627949476,-0.37199956466151707,0.11256554849121492,-0.17467538691098372,186.08655132035383,83.06053026041555,5,104.95258570002443,212.15362410049966,134.35559486036036,125.20887690042946,40.443589000602515,68.57171082512096,189.01929860024575,1430000.0,480000.0,5,700000.0,1750000.0,920000.0,750000.0,150000.0,605805.2492344384,1250000.0,-40.415914748384154,-122.98492077112647,5,-104.87395611227055,-13.287031809131435,-80.6897331295985,-81.10923915726323,-152.93610458701727,52.95012813294697,-51.24233398230993,5,8.672645759495207,-18.91777993927899,5,-1.650870000186842,13.258239998718636,-2.719883459776247,1.7942544006600656,-32.968493999067505,17.799360254183288,5.96745230099441
,reinforce,tiny_minus_small,-0.6143621600007464,-36.88309724000028,5,-17.314545900000667,1.3928317999998399,-15.202681800000573,-1.9967340000002878,-56.16459070000019,24.02238713606714,-1.930370200001562,-0.2,-1.0,5,-1.0,0.0,-0.6,-1.0,-1.0,0.5477225575051662,0.0,1.0,0.2,5,0.0,1.0,0.6,1.0,0.0,0.5477225575051662,1.0,-0.006157143735978687,-0.2605328597033408,5,-0.3109265429109753,0.0001452954755374325,-0.13334500171965974,-0.030886953114023674,-0.32496212979036476,0.16906011313568015,-9.467825847231381e-05,-27.158521219494126,-151.21067894449283,5,-155.56913919656355,2.7125568169129792,-89.18460008199347,-132.7706933269327,-156.0722115012021,81.30818047570395,-4.223513202181948,-0.175,-0.925,5,-0.875,0.0,-0.55,-0.875,-1.0,0.5046657309546587,0.0,-27.35282786186793,-141.98632482437642,5,-134.68241987716732,-1.3298501523175332,-84.66957634312219,-129.24133353671286,-155.66272541541736,76.21770752518721,-2.431552733995858,-0.14083948719480405,-0.2932928431636078,5,-0.31987282878510603,-0.11129132206469372,-0.21706616517920593,-0.1673356016220321,-0.32969147831289747,0.10063089911646939,-0.15713959511130038,177.44335210077043,75.1662298802672,5,81.53435980047288,214.09396500086768,123.18958386045342,101.07574779991046,55.84334100023989,64.49848953649392,163.4005057007762,1300000.0,460000.0,5,450000.0,1450000.0,880000.0,700000.0,350000.0,535723.8094391549,1450000.0,-50.796650603081204,-111.52400216130559,5,-123.75191551306091,-41.17194036015164,-81.07349532677497,-57.91169734670851,-125.66808593975665,40.38822715005999,-56.86383747419711,5,1.4959053800859692,-33.65471623978592,5,-15.23348050057939,2.56028550073097,-12.683483860189881,-0.11381370178241923,-51.86679539969373,23.054100729671188,1.2363848003751627
