actor_name,actor_parameters,algorithm,censored,collection_duration,collection_throughput,completed_lap_count,completed_lap_denominator,completed_lap_time_mean,confirmation_duration,confirmation_interactions,converged,convergence_duration,convergence_interactions,critic_parameters,end_to_end_duration,episodes_to_confirmation,episodes_to_convergence,evaluation_duration,final_completion_count,final_completion_rate,final_crash_count,final_crash_rate,final_evaluation_count,final_mean_progress,final_mean_return,final_return_minus_best,final_window_return_change,final_window_return_range,late_completion_rate,late_evaluation_count,late_mean_return,late_minimum_return,observation_type,optimization_duration,peak_process_memory,persistence_duration,progress_auc,restricted_convergence_duration,restricted_convergence_interactions,restricted_episodes_to_convergence,return_auc,root_identity,run_checksum,run_id,total_parameters,training_duration,training_interactions,training_throughput
large,67844,a2c,false,316.4884149003483,6319.346635894188,1,1,29.84,91.50129209997976,500000,true,73.78543909974906,400000,4609,376.60977589999675,2436,2267,6.799173999999766,1,1.0,0,0.0,1,1.0003294610051874,205.75974630355176,-11.845073550185418,152.1505502637373,155.61477041717254,0.75,8,168.45325997935225,30.321161996133903,frenet,41.7427394999977,1059676160,7.383201000000554,0.8530030834328979,73.78543909974906,400000,2267,163.202775645461,0,79483ebc146b1df6037bfdefe2a5ebef8b6b50e1c6aa7cafe647a1f5e5a53fe5,a2c-large-frenet-seed-0,72453,358.231154400346,2000000,5582.987340528382
large,67844,a2c,false,318.3196831992209,6282.991927798246,1,1,31.92,210.47330179966957,1150000,true,192.7507114999753,1050000,4609,378.53008620000037,5138,5016,5.331924900008744,1,1.0,0,0.0,1,1.000208869940073,196.28363477437887,-18.20631207797453,9.427964756862792,15.222017883617184,0.875,8,162.53108089523198,22.797487032799697,frenet,41.649645600082295,1059676160,9.080370499996206,0.6023995784904899,192.7507114999753,1050000,5016,87.41941260165166,1,cc51518428702630c8f569ab7d1df3225dbe0d40fc30512b3a631d1c552e5082,a2c-large-frenet-seed-1,72453,359.9693287993032,2000000,5556.028916883297
large,67844,a2c,false,289.7724546009231,6901.967278961749,1,1,30.72,141.6318503007642,850000,true,125.33953610072058,750000,4609,345.9559253000007,1907,1771,6.564534999997704,1,1.0,0,0.0,1,1.0000809681399268,201.6678413867616,-9.575679772703808,-3.099214733686324,3.336047826894628,0.625,8,134.64974863587432,-0.46281117539012495,frenet,39.647926299934625,1059676160,6.154571200004284,0.8094445469680401,125.33953610072058,750000,1771,142.83384220761408,2,036b9ec86e6bfd5e7830896fcfe5cbfdfb97f629e8aa21f2a84847ac94fe9c16,a2c-large-frenet-seed-2,72453,329.4203809008577,2000000,6071.26976943761
large,67844,a2c,false,310.33136230063974,6444.724069049972,1,1,27.64,211.6035707004812,1150000,true,195.29241970064686,1050000,4609,378.6214265999988,14749,14614,4.174555000012333,1,1.0,0,0.0,1,1.0001343460305532,215.63661191348484,-8.683152427572281,6.06469942496733,6.06469942496733,0.875,8,195.6807134301371,55.01199939585166,frenet,40.52412849996108,1059676160,19.660585599995102,0.549247733104348,195.29241970064686,1050000,14614,100.49200356323156,3,675edc5dd3b4e5f61850c54ce21edc1c42a4ceb0c15abae300eb37aaa1e0133f,a2c-large-frenet-seed-3,72453,350.8554908006008,2000000,5700.3525737513555
large,67844,a2c,false,290.7406312993662,6878.983481124332,1,1,33.56,109.24840819962992,650000,true,92.80726919964582,550000,4609,350.5282810000026,2469,2329,6.75108050000199,1,1.0,0,0.0,1,1.0002524067529925,188.98514627817042,-22.331411519126505,2.559296346573717,3.56689388812498,0.875,8,162.03748296680834,24.476261682242733,frenet,41.17448859996148,1059676160,7.915055899997242,0.7554201530099042,92.80726919964582,550000,2329,116.40791702000749,4,633a79d137b747782a49079ffbbe14fdced34614b968e67ad42092b81ff0f715,a2c-large-frenet-seed-4,72453,331.9151198993277,2000000,6025.636917675262
medium,4676,a2c,false,312.37285869938205,6402.604913651407,1,1,24.04,161.9002972003218,950000,true,144.93750580030246,850000,4609,354.6639060000016,3298,3147,5.451346599991666,1,1.0,0,0.0,1,1.0000275085512553,231.7760769546337,-3.4303125865518496,-3.4303125865518496,3.4303125865518496,1.0,8,231.15189760234028,221.73408581873304,frenet,25.50671270003295,1059676160,7.230509400000301,0.8070868224255509,144.93750580030246,850000,3147,164.70265893924187,0,e8642391a18bd3d9d8a6bbe63285f0153e8bb29f2495b8a1b6b6d672d1d34c1b,a2c-medium-frenet-seed-0,9285,337.879571399415,2000000,5919.268784781769
medium,4676,a2c,false,299.12868549947234,6686.085611149212,1,1,25.2,203.3192328993391,1250000,true,187.15824449948195,1150000,4609,339.35589679999975,2893,2747,4.973542700023245,1,1.0,0,0.0,1,1.0001230905443204,226.61302449117997,-5.632775077409036,-0.7290706944640419,1.4682629727518304,1.0,8,227.58095609911896,224.58691345266487,frenet,24.906494199978624,1059676160,6.448268300006021,0.7134211694746904,187.15824449948195,1150000,2747,124.25107343405112,1,b3dac8abf7a4757cdfba91623bf232e5701db7f4015080547b63eca5687c361d,a2c-medium-frenet-seed-1,9285,324.03517969945096,2000000,6172.16933622775
medium,4676,a2c,false,298.4093170998276,6702.203602211706,1,1,24.88,113.84685849970992,700000,true,97.89324849976038,600000,4609,339.0935807999995,1647,1517,5.834755000007135,1,1.0,0,0.0,1,1.0001887253216901,228.05694526027563,-6.11767460286589,1.2438896672788076,1.9608800377848183,1.0,8,229.86087143007552,226.81305559299682,frenet,25.007242600040627,1059676160,5.914771400002792,0.8495973832946297,97.89324849976038,600000,1517,169.33549250931208,2,229fe70bb68869840e6623c860267f27642fc2dd85106bd12a954fe566de2830,a2c-medium-frenet-seed-2,9285,323.41655969986823,2000000,6183.97524807019
medium,4676,a2c,false,300.6056557009979,6653.234768108725,1,1,24.88,82.8562480000619,500000,true,66.6761065000901,400000,4609,342.81982049999715,2256,2066,5.872805799994239,1,1.0,0,0.0,1,1.000183828296465,228.05715253754505,-3.638915207232799,-2.603706800530034,3.290756166679728,1.0,8,227.90387212113944,224.45569407994654,frenet,25.0757162999289,1059676160,7.336226300009002,0.8621089503009252,66.6761065000901,400000,2066,185.9622000781584,3,135ee0df4e08dbe9e6b5fa22b3297252ca0aa88837f5be846a808b4aa96d807e,a2c-medium-frenet-seed-3,9285,325.6813720009268,2000000,6140.971427725098
medium,4676,a2c,false,309.4874940001537,6462.29666391304,1,1,25.48,153.73855370049932,900000,true,136.50580910047574,800000,4609,354.40121750000253,5425,5276,5.390581499985274,1,1.0,0,0.0,1,1.0003671114408546,225.3735013599026,-4.6711444543355185,5.590512912198733,5.590512912198733,1.0,8,224.61357714313826,219.73242595418134,frenet,25.415942499996163,1059676160,10.053430000003573,0.776551945175351,136.50580910047574,800000,5276,157.33866402902112,4,bfbe7000e586f49911e8a8d0741fe610f56f8ba8a70ca8bf2d01250c4d59a78b,a2c-medium-frenet-seed-4,9285,334.90343650014984,2000000,5971.870640984316
small,1316,a2c,false,306.26811760015335,6530.225919927744,1,1,25.12,137.59002519992282,800000,true,119.47151369989297,700000,4609,347.11777749999965,2251,2119,5.841588999997839,1,1.0,0,0.0,1,1.0002146201395077,226.8564351242876,-5.732050560909613,-2.714313148674705,2.714313148674705,1.0,8,228.12517120974073,224.36882907956706,frenet,24.56998669996392,1059676160,6.412389600001916,0.8015606303979266,119.47151369989297,700000,2119,159.7173233839449,0,530a94f6e757947f661ae123e470f164bfa8db875605d45c73d3d6e6d6372747,a2c-small-frenet-seed-0,5925,330.83810430011727,2000000,6045.252871433803
small,1316,a2c,false,301.29069160017207,6638.107501356533,1,1,24.36,154.39921729990056,950000,true,138.31933899981595,850000,4609,341.6206854000011,2896,2754,5.213372800008074,1,1.0,0,0.0,1,1.0001344992591328,230.34651237854317,-5.059226985828076,-5.004235875612807,5.004235875612807,1.0,8,232.7484401243563,230.34651237854317,frenet,24.131093200005125,1059676160,7.037219899997581,0.7683974708443413,138.31933899981595,850000,2754,151.99418397991738,1,837a9afc6e8b5bb4d9a84f0e3ef1d414d9dd214c460c9400da3cbad0b08cb905,a2c-small-frenet-seed-1,5925,325.4217848001772,2000000,6145.870047477261
small,1316,a2c,false,299.7465480003193,6672.303695713852,1,1,24.28,135.6526098988943,850000,true,120.54922899886878,750000,4609,339.01773310000135,2115,1969,5.2727215999912005,1,1.0,0,0.0,1,1.0001025748360723,230.6217231726015,-2.2330226577217616,2.8581781046970605,2.8581781046970605,1.0,8,228.89476922278317,227.2425383834738,frenet,23.91015229995537,1059676160,6.172730699996464,0.7810728066925511,120.54922899886878,750000,1969,147.46811493599353,2,01c5540ea7126d44064f2c48ceec5c7f2498a6da51af952451b34175b6bb3d48,a2c-small-frenet-seed-2,5925,323.6567003002747,2000000,6179.386980539833
small,1316,a2c,false,299.6262317995461,6674.982987931532,1,1,25.88,130.4721041002049,800000,true,114.46673100003682,700000,4609,339.72363810000024,2985,2843,5.278642600002058,1,1.0,0,0.0,1,1.0002265261055328,223.4806397935767,-8.199289030452434,-2.4756251234452975,2.6912661245931986,1.0,8,227.58057206360462,223.2649987924288,frenet,23.720794100037892,1059676160,7.226599500001612,0.7834930098120398,114.46673100003682,700000,2843,155.448808421881,3,efab375044a02933be141ce49a16ba2c41cb327defa93ff545e6d7c95656e297,a2c-small-frenet-seed-3,5925,323.34702589958397,2000000,6185.305074125234
small,1316,a2c,false,302.44050780028556,6612.87079084223,1,1,24.92,179.46908219876423,1100000,true,163.3552404988659,1000000,4609,342.3917032999998,3171,3033,5.246036200005619,1,1.0,0,0.0,1,1.000419832321585,227.89964910352285,-2.9610633386740233,-2.9610633386740233,2.9610633386740233,1.0,8,226.614030296478,223.9148912365104,frenet,23.868237200018484,1059676160,6.888774199996988,0.7380870618728667,163.3552404988659,1000000,3033,133.3465435121008,4,1f9f62fd67c2e03dadcbbc5749e6a468c440dce181e227254df230d5f424b712,a2c-small-frenet-seed-4,5925,326.30874500030404,2000000,6129.164573870481
tiny,140,a2c,false,283.44276719902336,7056.098201989651,1,1,25.64,289.56221319909673,1900000,true,274.7063762991311,1800000,4609,319.84674630000154,4912,4769,3.672448900004383,1,1.0,0,0.0,1,1.0000442998504768,224.55131623001108,-2.9640723163937537,-0.34466077377169313,0.9252585573530041,0.625,8,153.72036810508553,35.85616815660334,frenet,22.332963300086703,768696320,6.851132199997664,0.5339305414207517,274.7063762991311,1800000,4769,59.4627099172497,0,78612a4c5f8f5e356b1da0e1e65f0d49f8c7c5227af34dfa6ddec8079e67c22e,a2c-tiny-frenet-seed-0,4749,305.77573049911007,2000000,6540.741466745742
tiny,140,a2c,false,308.5057533995532,6482.861269072515,1,1,26.12,260.02094399949783,1550000,true,243.34191419964918,1450000,4609,347.716866499999,4503,4366,4.426851399992302,1,1.0,0,0.0,1,1.0003324389346038,222.4162926529329,-1.334921713010658,177.64842722126116,178.25264722034126,0.75,8,178.1556202325301,44.76786543167172,frenet,23.818908499975805,782708736,6.94451719999779,0.5773469871973652,243.34191419964918,1450000,4366,73.68825731574853,1,c5d142aeedd81c287e8b9cd206771d2b93e6a642588ba0db7a46798ddeb083c8,a2c-tiny-frenet-seed-1,4749,332.324661899529,2000000,6018.211193139363
tiny,140,a2c,true,297.33608800038564,6726.395081909485,0,1,,,,false,,,4609,333.9806632,,,3.7475607999876956,0,0.0,1,1.0,1,0.5634822813707469,36.594443977842005,-192.45453932395145,-0.01884680431724206,0.45885341107931055,0.0,8,36.5293383147214,36.154437371079936,frenet,23.10758909998185,787734528,5.960802800000238,0.49150809862529304,320.42969260036625,2000000,4406,38.22896730748245,2,982d03dbf5495856ac5a635963e738775633e02a94278b0ddf3508740fa92572,a2c-tiny-frenet-seed-2,4749,320.4436771003675,2000000,6241.3464297302135
tiny,140,a2c,true,304.39003259989477,6570.5173816545375,0,1,,,,false,,,4609,343.66934729999775,,,3.7576984999905108,0,0.0,1,1.0,1,0.5497221475642238,35.65576187238578,-188.9346617755843,-14.356788800834217,14.356788800834217,0.25,8,83.62778932351837,32.32639996585067,frenet,24.273419099932653,787734528,7.321668600005069,0.4825368133685776,328.6498054998301,2000000,5313,41.21944600776296,3,4752208ed0db580c4b8c97a576ac48019756f72cdcd97cff0a9df527bd303a53,a2c-tiny-frenet-seed-3,4749,328.6634516998274,2000000,6085.25222277111
tiny,140,a2c,false,304.6657847001188,6564.570425814606,1,1,25.52,329.0484429001299,2000000,true,313.2428012002092,1900000,4609,343.6831691999978,4834,4695,4.029044100007013,1,1.0,0,0.0,1,1.0003371996287036,225.19468547193028,-2.9241493265560337,-2.9241493265560337,2.9241493265560337,0.625,8,157.5067612732934,35.53006377481682,frenet,24.396172600012505,787734528,6.636004399999365,0.5232789950770185,313.2428012002092,1900000,4695,54.619161152952756,4,9e42cd038bb0428a07f6e882d8286bcb51004b8b355cdad9c8da4c0cfeec39b7,a2c-tiny-frenet-seed-4,4749,329.0619573001313,2000000,6077.882768368259
large,67844,ppo,false,288.5148912992845,6932.0512053755465,1,1,25.76,38.75646059997962,150000,true,12.736222999901656,50000,4609,520.1813409000024,336,162,6.641693300003681,1,1.0,0,0.0,1,1.0003619952695886,224.00534352998176,-10.031958022176752,0.06751458199590843,0.9936217139368466,1.0,8,219.9439080929194,215.57152128485973,frenet,215.47513600007005,1059676160,5.642559599997185,1.0002365012581118,12.736222999901656,50000,162,224.57982520733117,0,19c65cb305ec820fb7609f284e6365709bf0ace944cc655428903eb3096063b0,ppo-large-frenet-seed-0,72453,503.99002729935455,2000000,3968.3324900634625
large,67844,ppo,false,297.28143000128694,6727.631793184465,1,1,27.28,53.71364740011268,200000,true,24.860630400005903,100000,4609,533.1981142000004,484,302,6.6853670999880705,1,1.0,0,0.0,1,1.0001529835132277,217.2164478191782,-17.75236566421441,5.382388939361192,5.382388939361192,1.0,8,214.91127295906693,204.75335872748713,frenet,219.51120590005303,1059676160,5.725453299997753,0.9945160012631825,24.860630400005903,100000,302,222.80794495866303,1,4f31e73a744b7def05eaf4196b13f59ee601c3b2379cd8a5d02cbf9d296ee3cb,ppo-large-frenet-seed-1,72453,516.79263590134,2000000,3870.024185835761
large,67844,ppo,false,315.2919775993869,6343.326637194746,1,1,24.84,51.21443440008807,200000,true,25.042758600000525,100000,4609,563.4633295999993,419,282,7.477972199983924,1,1.0,0,0.0,1,1.0003288614089578,228.20775404248462,-3.683927186680762,-2.250771876863098,3.1191352833429846,1.0,8,226.21127589675183,221.51272288809002,frenet,230.69613400001617,1059676160,5.768939800007502,0.966430459540661,25.042758600000525,100000,282,201.96500397746,2,bfaf95588b759d5f7521f018e488ab888dfce3c22ede4277aa3f21993ff0ec68,ppo-large-frenet-seed-2,72453,545.988111599403,2000000,3663.083421617466
large,67844,ppo,false,308.03183429962155,6492.835406273647,1,1,26.400000000000002,59.53777430005357,200000,true,31.21822370027803,100000,4609,548.9532082999976,459,278,7.56398619999527,1,1.0,0,0.0,1,1.0004169213214833,221.23963066952132,-10.326820980445405,5.688274574891295,9.691520647002847,1.0,8,221.05180826881474,215.55135609463002,frenet,223.51559510000516,1059676160,5.718275499999436,0.9961545124908653,31.21822370027803,100000,278,214.6488687640092,3,3d48797dee6806cd285594634cc6a28c22affcedfa3049f0e7c1f7b6e3cc157a,ppo-large-frenet-seed-3,72453,531.5474293996267,2000000,3762.599326759917
large,67844,ppo,false,296.6166198991996,6742.710508533433,1,1,27.96,38.680550699977175,150000,true,13.01139180003156,50000,4609,529.4982484000029,373,203,7.0220964000000095,1,1.0,0,0.0,1,1.000249550582794,214.20491603050908,-14.735122098509834,188.01618911746738,188.01618911746738,0.875,8,193.41448197139312,26.18872691304171,frenet,216.34823999994114,1059676160,5.525171200006298,0.9789492045106705,13.01139180003156,50000,203,201.14915310748322,4,9ecfa50ba9cce1c84c4cd852a9c60c237a41d65ff542dfb528d8f24686b70d8d,ppo-large-frenet-seed-4,72453,512.9648598991407,2000000,3898.9025493739287
medium,4676,ppo,false,302.8855574012123,6603.154066374758,1,1,23.64,48.15371629981382,200000,true,24.019346699849848,100000,4609,494.7788839999994,462,295,6.455167999993137,1,1.0,0,0.0,1,1.0002112268217693,233.50449853055267,-2.4892223286246917,0.8360104967492248,3.3252328253739165,0.875,8,206.58750524169398,27.760104922942176,frenet,175.58497309998347,1059676160,5.707438399997045,0.9261352258061097,24.019346699849848,100000,295,188.87129509214492,0,e34ff7f871eba2fae32580a29108bef3d55ff366474f64cfa7acade52deda354,ppo-medium-frenet-seed-0,9285,478.47053050119575,2000000,4179.985751484023
medium,4676,ppo,false,296.34925000105795,6748.793863972526,1,1,27.6,47.80881390001741,200000,true,24.022829599984107,100000,4609,485.40856019999774,518,373,6.9882785999907355,1,1.0,0,0.0,1,1.0000690389730043,215.80863721577492,-4.0716607862499075,1.1245388313272997,2.030302432435775,1.0,8,213.6914777323812,211.50703868172428,frenet,172.58869499999128,1059676160,5.431916999994428,0.9532774091091701,24.022829599984107,100000,373,197.2400814794834,1,ba05ceca1d3b77d0c1c1c56e8c2d094b4b4a63687b7fae5bf03e40193f064426,ppo-medium-frenet-seed-1,9285,468.93794500104923,2000000,4264.956635137566
medium,4676,ppo,false,287.56934509991333,6954.844228285592,1,1,27.2,46.48857619968112,200000,true,23.30718759983938,100000,4609,475.5735846000025,366,211,6.787178700000368,1,1.0,0,0.0,1,1.0000644069214504,217.56833801346193,-8.96567219961696,-3.337535413236992,3.337535413236992,1.0,8,219.1678580427588,216.49813698068493,frenet,171.7163981000449,1059676160,5.533898700003192,0.9765908167678166,23.30718759983938,100000,211,197.8237369334401,2,75cc5af0a06a05f20a2f844fba201f906e5d2a5ddea9e58133860400f27a2444,ppo-medium-frenet-seed-2,9285,459.28574319995823,2000000,4354.587595220138
medium,4676,ppo,false,303.36852669936707,6592.641701365301,1,1,28.96,45.726529699586536,200000,true,23.003525099797116,100000,4609,502.41146650000155,515,340,7.218017199997121,1,1.0,0,0.0,1,1.0001433887307618,209.62046988646023,-25.32452722244119,-4.379400207185483,4.379400207185483,1.0,8,215.02610243262436,209.62046988646023,frenet,181.37788799998089,1059676160,6.288314900000842,0.9903327645749309,23.003525099797116,100000,340,218.51101240771416,3,54787958599a3761cc0cb309cbd4d031abb7c33e57f8c97ea287de87c4409ecf,ppo-medium-frenet-seed-3,9285,484.74641469934795,2000000,4125.868576543162
medium,4676,ppo,false,307.62905690141633,6501.336447684543,1,1,25.2,52.77095400000326,200000,true,26.52207130023089,100000,4609,511.0938954999983,661,460,7.3431646000208275,1,1.0,0,0.0,1,1.0000676683646237,226.5648663819739,-8.548421132634644,1.9284083037028665,1.9284083037028665,1.0,8,222.03425856535614,216.9062203576927,frenet,186.11481289999574,1059676160,5.7930104000042775,0.9902258340351265,26.52207130023089,100000,460,221.6461073753708,4,4de564aac03461fe3669f249357cda2289db12b76262f4c0077346b261fc34eb,ppo-medium-frenet-seed-4,9285,493.7438698014121,2000000,4050.683203022686
small,1316,ppo,false,276.34529199870667,7237.322501623658,1,1,26.32,44.591523499489995,200000,true,22.323599199738965,100000,4609,462.0176451999978,503,345,6.8251277999988815,1,1.0,0,0.0,1,1.0003830494337622,221.59671785267724,-5.320151606664325,-2.0906796650950525,4.185796649061075,1.0,8,224.2340532904219,221.59671785267724,frenet,168.8577102999734,1059676160,6.123482500002865,0.9945465871663005,22.323599199738965,100000,345,217.09413862834353,0,199c0af2a7710f13f08378d9708646f4068fddd3f2eaecd85ce60cdf220012ae,ppo-small-frenet-seed-0,5925,445.2030022986801,2000000,4492.33268795036
small,1316,ppo,false,276.73211989956326,7227.205865101157,0,1,,44.54557040005602,200000,true,22.34258240015697,100000,4609,461.6946762999978,473,314,6.705209700019623,0,0.0,1,1.0,1,0.9200022710281784,64.72601541852977,-169.5710812731486,-165.59201403449532,169.5710812731486,0.625,8,167.4288797232056,63.12511971218052,frenet,168.68190069997945,1059676160,5.686326699993515,0.9886065340120174,22.34258240015697,100000,314,203.4368388313346,1,0c9544245da5752f6996c41565a8908e40e3e5d96368f03ad1986e2917935d9e,ppo-small-frenet-seed-1,5925,445.4140205995427,2000000,4490.204410961134
small,1316,ppo,false,282.42877330093324,7081.431458362643,1,1,29.36,34.19087660009245,150000,true,11.231673899994348,50000,4609,471.1853590999999,342,148,6.987210699993739,1,1.0,0,0.0,1,1.0002258456172761,207.83169676966205,-23.51961146682831,-1.6456495520370993,2.7361588122275577,1.0,8,208.76273353524363,207.05123571021164,frenet,172.2042421999431,1059676160,5.594643899996299,1.0002052748028603,11.231673899994348,50000,148,218.94534012964976,2,b6c2179cf95cb4a2e1f3a74d4fad4e2c9a3fb935b4c7136b17a51c02d6f217e1,ppo-small-frenet-seed-2,5925,454.63301550087635,2000000,4399.152573194819
small,1316,ppo,false,278.11812060009834,7191.189109449537,1,1,28.6,46.421997600180475,200000,true,23.898067100122717,100000,4609,464.8544191000001,384,241,7.329077000002144,1,1.0,0,0.0,1,1.0002918972138093,211.3301366123202,-9.661994992768172,0.7752728236355892,5.168768837180153,1.0,8,208.91331990347595,203.45640798429656,frenet,169.98949859998902,1059676160,5.489086199992016,0.9943425375270314,23.898067100122717,100000,241,208.29276937009323,3,5cf0a35034f2d1461fabe5694cd861d11452a0d1dc5b60057a6fb2457eff8521,ppo-small-frenet-seed-3,5925,448.10761920008736,2000000,4463.213554748703
small,1316,ppo,false,295.3269875995393,6772.154540485077,1,1,24.36,45.24036819989851,200000,true,22.78593529986756,100000,4609,485.9783521999998,616,454,6.486447500010399,1,1.0,0,0.0,1,1.0000346851509092,230.25019651247203,-1.091521461436173,1.8949056748340922,1.9473209594519574,1.0,8,229.8602525968937,227.16837908189797,frenet,173.80334530002074,1059676160,6.281100299998798,0.9901680829872699,22.78593529986756,100000,454,223.81200479590504,4,3ce0a3efd263ead80a77850c510ee871117be3960603a4120c15822d8f38472a,ppo-small-frenet-seed-4,5925,469.13033289956,2000000,4263.207598704125
tiny,140,ppo,false,296.4584740011305,6746.307410299809,1,1,27.68,45.693412700169574,200000,true,23.024625500245747,100000,4609,482.3465596999995,415,277,7.141941699992458,1,1.0,0,0.0,1,1.0001166509071924,215.4551443575469,-6.095870642392157,-1.8628258383510854,1.8628258383510854,1.0,8,215.55952421740108,213.95825973177716,frenet,169.60051069998735,789671936,5.123920599991834,0.9942972538533522,23.024625500245747,100000,277,212.84269947460288,0,00704b74c915c02857df779dfa723c4096265236b51f2f46e09923454a521e5f,ppo-tiny-frenet-seed-0,4749,466.0589847011179,2000000,4291.302315054807
tiny,140,ppo,false,300.53050300142786,6654.898521201017,1,1,26.88,46.13095320068169,200000,true,23.119137100249645,100000,4609,493.335094500002,504,336,7.667413899991516,1,1.0,0,0.0,1,1.000196523349629,219.02019790200956,-3.4178356314135385,2.5125896560497267,2.5125896560497267,1.0,8,218.30390188097687,216.50760824595983,frenet,175.33628680000766,789671936,5.69485050000003,0.9840820206587994,23.119137100249645,100000,336,199.50053607398522,1,06638f49c1b86f9210dd5a581cc971381c9194c8f1e88327bf2673ec1eb6aea9,ppo-tiny-frenet-seed-1,4749,475.8667898014355,2000000,4202.856855874599
tiny,140,ppo,false,288.89515259962354,6922.926819654108,1,1,27.6,67.49864669968883,300000,true,44.97439149974889,200000,4609,468.3263982999997,542,397,6.989364599976398,1,1.0,0,0.0,1,1.0001121949626126,215.8123160058939,-5.143421059536735,-0.06476275834012313,0.7328777334007839,1.0,8,216.3632272085946,215.22665675168162,frenet,163.55605779992766,789671936,4.984830299996247,0.9862725975875979,44.97439149974889,200000,397,204.65259270351527,2,bdc57a29bd5600288211052b069682ecb674d13e9df98f7a9eda2d34a3f7f6fd,ppo-tiny-frenet-seed-2,4749,452.4512103995512,2000000,4420.366116898742
tiny,140,ppo,false,294.7591327998816,6785.20112677168,1,1,29.080000000000002,58.086232999976346,250000,true,35.400848500157736,150000,4609,481.1473799000014,564,406,7.1364316000035615,1,1.0,0,0.0,1,1.000204405247809,209.05713752623643,-20.05146088188428,-1.4469368168286678,3.1674943110708114,1.0,8,211.2993609507422,207.3365800319943,frenet,169.83873730002233,789671936,5.411367400003655,0.9833217287150237,35.400848500157736,150000,406,209.29552865663317,3,4b17f97f52e90e10a04da918820c9a8c37de50481e915636869b8c0e094bdb40,ppo-tiny-frenet-seed-3,4749,464.59787009990396,2000000,4304.798038720956
tiny,140,ppo,false,289.26697050078656,6914.028229830553,1,1,26.84,45.86089130032269,200000,true,22.94174690032378,100000,4609,471.4599245999998,497,345,6.473806800007878,1,1.0,0,0.0,1,1.0001802381954359,219.16910714194444,-9.951504785145403,-1.7870234320428153,1.891323144090336,1.0,8,219.14994308583232,217.37051683465137,frenet,166.3937156999964,789671936,5.362045600002602,0.9664604424802287,22.94174690032378,100000,345,214.2323632602103,4,afe16b246ade53826e0bd0c717ff46897af7b45258b5753792b73f8c176329b2,ppo-tiny-frenet-seed-4,4749,455.66068620078295,2000000,4389.230979472118
large,67844,reinforce,false,296.57106210025086,6743.746290809498,1,1,31.240000000000002,77.65823649985032,450000,true,62.19335389992739,350000,,341.425540799999,1067,952,7.774554799992984,1,1.0,0,0.0,1,1.0003367254282207,199.42536260258385,-12.696595429316005,-4.674425671807398,4.674425671807398,1.0,8,206.53441350511133,199.42536260258385,frenet,25.656112399998165,812462080,5.776066200001878,0.9533626466427139,62.19335389992739,350000,952,187.35164072491156,0,2b584c4216d509e42358caac51f2436dea37758a1bf7a8e043f0a2b09c38b815,reinforce-large-frenet-seed-0,67844,322.227174500249,2000000,6206.801158536226
large,67844,reinforce,false,334.56131150001056,5977.977522364946,1,1,27.080000000000002,79.11392179982977,450000,true,62.21700999980567,350000,,382.7342202,640,528,8.284125399999539,1,1.0,0,0.0,1,1.000147376181931,218.03969128829357,0.0,5.982915041577968,5.982915041577968,0.875,8,183.2412358274558,14.039207323714539,frenet,28.25768380002046,812462080,5.245796200002587,0.9128098187948336,62.21700999980567,350000,528,171.70435796946302,1,d7fadb481c0451885599d6ec3715e699c44780669ba8465fdd12273f99cbf9c5,reinforce-large-frenet-seed-1,67844,362.818995300031,2000000,5512.3905470994205
large,67844,reinforce,true,470.6038284994502,4249.859178530539,0,1,,,,false,,,,593.8742151000006,,,0.6034764999931213,0,0.0,1,1.0,1,0.012120517411320659,-5.2360220974994025,-0.36817041548989593,0.0,0.0,0.0,8,-5.2360220974994025,-5.2360220974994025,frenet,43.31822360008482,812462080,60.13382790000287,0.010126023460473362,513.922052099535,2000000,51144,-12.360210535287742,2,7dc85ab873a3f577716854355ded242a5146adccabc1114c223315d9eb2d6387,reinforce-large-frenet-seed-2,67844,513.922052099535,2000000,3891.6407494665077
large,67844,reinforce,false,302.30245989989635,6615.890590709301,1,1,34.76,80.95873240033688,400000,true,65.27184220038362,300000,,349.3421137000005,1736,1627,8.397930699997232,1,1.0,0,0.0,1,1.0002592930133103,183.6151693039415,-17.641154094026632,5.954853852526014,5.954853852526014,1.0,8,184.30536162943196,177.6603154514155,frenet,26.73987080002553,1059676160,5.98249869999745,0.9177693007181446,65.27184220038362,300000,1627,165.3467860820362,3,f719434ca0b83d72077813bdb9590194e2d48e9698090049b676728f8d7ff6a3,reinforce-large-frenet-seed-3,67844,329.0423306999219,2000000,6078.245299763417
large,67844,reinforce,false,308.88357520026693,6474.9315294712105,1,1,31.240000000000002,59.398571200074,300000,true,44.22773070009316,200000,,356.55635939999956,1352,1240,8.40640429999803,1,1.0,0,0.0,1,1.0000291946292632,199.43088076057032,-2.29751724324521,-1.1686127226406313,2.29751724324521,1.0,8,198.9323370678214,195.58895875612347,frenet,27.02001849998487,1059676160,6.194748000001709,0.9336708954527204,44.22773070009316,200000,1240,180.0901296838581,4,3a219959cb3ae9d7d6d7b6c9ad915e535398700ede8ddee5071420f3e2a85d89,reinforce-large-frenet-seed-4,67844,335.9035937002518,2000000,5954.0893205945495
medium,4676,reinforce,false,279.83983309954056,7146.94537174266,1,1,28.64,63.159683399946516,350000,true,49.78557129996079,250000,,313.7501935,1424,1312,7.335568299999068,1,1.0,0,0.0,1,1.0000279257667946,211.12793272931796,0.0,2.324213375359335,2.324213375359335,1.0,8,207.25518529028068,203.8983069831909,frenet,15.067856299987398,812462080,6.197468999998819,0.9346888971469886,49.78557129996079,250000,1312,187.61338455128686,0,a287e059d76cbcb4de17a06c1fddaa3e148aee847fc19a38341e1c6ea77cecc2,reinforce-medium-frenet-seed-0,4676,294.90768939952795,2000000,6781.783154153326
medium,4676,reinforce,false,296.2962851996963,6750.000252794429,1,1,30.240000000000002,119.10544219956137,700000,true,104.41826649960785,600000,,329.10814219999884,1457,1344,6.713889199996629,1,1.0,0,0.0,1,1.0000386897980011,203.8914244227842,-7.670178702650304,-2.017196752312941,2.017196752312941,1.0,8,204.03842835332503,201.75084592163722,frenet,15.155032899994694,812462080,5.405571399998735,0.8817463613893158,104.41826649960785,600000,1344,159.8372126378166,1,881ef0e675eae851db597edd4b6ad9c76d59a3073d3651fd34eb8dfc963cf69f,reinforce-medium-frenet-seed-1,4676,311.451318099691,2000000,6421.549320140714
medium,4676,reinforce,false,300.7151427000481,6650.8124002086715,1,1,31.32,144.45870560044932,850000,true,128.68484930046725,750000,,333.67075399999885,1680,1568,6.8094140000030166,1,1.0,0,0.0,1,1.0002647756386247,199.00524551346655,-9.22288681782561,0.9933407574525859,1.7099941029215984,1.0,8,200.47958826206926,198.01190475601396,frenet,15.19475080000484,812462080,5.306936600001791,0.8502264151176991,128.68484930046725,750000,1568,141.91129120501142,2,dbe9d1b42ad079bec283ec48de3187203741846399f665ca9b2ee046d4536247,reinforce-medium-frenet-seed-2,4676,315.90989350005293,2000000,6330.91916761912
medium,4676,reinforce,false,286.94600929972694,6969.952308731771,1,1,32.64,72.98792689970833,400000,true,58.31688349988872,300000,,320.7135015999993,1360,1248,7.649589900009232,1,1.0,0,0.0,1,1.0000754557244271,193.03902042808045,-14.929393995343958,3.1306187129450507,3.1306187129450507,1.0,8,190.5291287168203,189.711020641913,frenet,14.967377299970394,812462080,5.774091800003589,0.9273974007750155,58.31688349988872,300000,1248,175.17759900097658,3,e3a663f4f613b2ab35debf81cbc71e19a1ce7027b9ab194c878b770b627ba5fd,reinforce-medium-frenet-seed-3,4676,301.91338659969733,2000000,6624.416434544426
medium,4676,reinforce,false,286.72226240009877,6975.391388371352,1,1,26.76,70.65236299999378,400000,true,56.525117900016994,300000,,319.16507640000054,1226,1112,6.501460600005885,1,1.0,0,0.0,1,1.0000135364697702,219.5099031278888,-3.92299050506071,0.7095971777962973,0.7095971777962973,1.0,8,219.57193201988457,218.51473954816151,frenet,14.93521330000658,812462080,5.6833607999978994,0.8959841391437776,56.525117900016994,300000,1112,174.4365943794198,4,f95004f947b94c96d0960622ee3d8bfba7ebb12bed791cd45e22168d8cf0a6de,reinforce-medium-frenet-seed-4,4676,301.65747570010535,2000000,6630.036253397255
small,1316,reinforce,false,299.08995550014697,6686.951411175081,1,1,31.400000000000002,113.67142109969609,650000,true,98.53868969968426,550000,,332.6433281000009,1760,1648,7.437571600003139,1,1.0,0,0.0,1,1.0000201266970676,198.63904336675944,-10.239763188481504,-0.5992465315237041,0.5992465315237041,1.0,8,198.7359339179867,198.31496700158226,frenet,14.716035300007206,788492288,5.641746500003137,0.8825621612705775,98.53868969968426,550000,1648,160.34536590402624,0,4abed69fc061686c68297bde0bcd34ccc6b941da4cbd29aacb4f81c9a5b07c21,reinforce-small-frenet-seed-0,1316,313.8059908001542,2000000,6373.364622199613
small,1316,reinforce,false,299.8332543999568,6670.374185153387,1,1,27.04,78.2140447996644,400000,true,63.32749569973748,300000,,334.4737590000004,2000,1880,7.146437399995193,1,1.0,0,0.0,1,1.0002186856261133,218.2376964743218,-0.7727256611999564,-0.2006472440413063,0.7727256611999564,1.0,8,217.06966398628623,215.28655941125373,frenet,15.025230499997633,798212096,6.62181800000144,0.9099286448052942,63.32749569973748,300000,1880,187.7221211888368,1,38369d2a7cd2a8a80335908d6b584637acffc0b6b7669f3add6440a9a7284cb1,reinforce-small-frenet-seed-1,1316,314.8584848999544,2000000,6352.060039403084
small,1316,reinforce,false,301.94148340032007,6623.800007461578,1,1,31.6,118.70864949975476,650000,true,103.61018289984531,550000,,335.51147519999904,1912,1800,7.421346299992365,1,1.0,0,0.0,1,1.0001016985735165,197.81732771949157,-16.136706342090463,0.9118099791588179,0.9118099791588179,1.0,8,196.7685450700151,195.91633601340544,frenet,14.526279700017767,812462080,5.889216499997929,0.874710554447911,103.61018289984531,550000,1800,160.78925060580178,2,d93ec759abb2c6c1b33247b331299c472fd0d8f467bd3ae3123b6b84ab3cc50a,reinforce-small-frenet-seed-2,1316,316.46776310033783,2000000,6319.759018759484
small,1316,reinforce,false,300.778679700079,6649.407471281864,1,1,28.48,76.58444160004365,400000,true,62.19372140000269,300000,,334.36175860000003,1536,1432,7.328379500002484,1,1.0,0,0.0,1,1.000008278794235,211.7371501048097,-2.2916491115910844,-1.1799989757801654,1.1799989757801654,1.0,8,212.6064632857138,211.47257292576413,frenet,14.71731740001087,812462080,5.76632570000038,0.9098616089753322,62.19372140000269,300000,1432,181.84696236537516,3,5c27f056d1dc16ed33c9b2b9d5551421fde838ea721304f043d8a83114854a06,reinforce-small-frenet-seed-3,1316,315.4959971000899,2000000,6339.224644316193
small,1316,reinforce,false,300.4049760006201,6657.679332168825,1,1,30.88,141.5796870002905,800000,true,125.89065380020656,700000,,332.8187829000017,1688,1561,6.792925899997499,1,1.0,0,0.0,1,1.0003074346885037,201.00812376390266,-14.773609699397326,-0.16093042792394385,0.31452275354408243,1.0,8,201.27559884727435,200.95198382605503,frenet,14.624553399986326,812462080,5.321834699998362,0.8483604779708621,125.89065380020656,700000,1561,150.19119269635368,4,afe84808b3538231e28124a060e0241407628efa9f0b77edd9e1787fae29d8c4,reinforce-small-frenet-seed-4,1316,315.0295294006064,2000000,6348.61120417923
tiny,140,reinforce,true,248.89246920043115,8035.5986921782505,0,1,,,,false,,,,276.4787374000007,,,3.958802099999957,0,0.0,1,1.0,1,0.6750579969067029,43.06990417019588,-0.2904986630016637,0.10436498274372497,0.1105247585918363,0.0,8,43.07320850256936,42.95937941160405,frenet,13.046726200029298,774254592,5.613506600002438,0.5626893324854715,261.93919540046045,2000000,4328,34.67727996426959,0,09930d4a4e4006a80e8119835f179702c3818a8c9e3271f721d66f996fde4383,reinforce-tiny-frenet-seed-0,140,261.93919540046045,2000000,7635.359790054865
tiny,140,reinforce,false,303.2796386006794,6594.573935882815,1,1,28.0,159.5738225001951,850000,true,144.86185550021037,750000,,335.86659080000027,3296,3176,5.823657399996591,1,1.0,0,0.0,1,1.000124007367641,214.01418327213986,-1.7832507434955005,-0.9885232574079055,0.9885232574079055,1.0,8,214.63811125229037,212.90713969078976,frenet,14.139131800005998,792772608,6.751858999999968,0.7986373227406005,144.86185550021037,750000,3176,146.55018082868517,1,409713b5313cce94bcd4353795eb9e09d4e5f91ece9d26f0fa47831d212662f2,reinforce-tiny-frenet-seed-1,140,317.4187704006854,2000000,6300.8246093176895
tiny,140,reinforce,true,303.7663089007219,6584.0086322859715,0,1,,,,false,,,,333.51474119999875,,,4.00926379998964,0,0.0,1,1.0,1,0.9692147454594928,65.04663439255886,-149.87653841002668,21.448721769013417,171.32526017904013,0.125,8,67.52721153330225,43.243122183276434,frenet,13.937838999991072,792772608,6.001291799999308,0.5450190761350135,317.704147900713,2000000,4328,37.037335092740875,2,5abf1a9e61a887cb48b471cb5e27f121e8ce4c36b78c4a1c0a7d295d22f08842,reinforce-tiny-frenet-seed-2,140,317.704147900713,2000000,6295.164898586808
tiny,140,reinforce,false,286.987147699514,6968.953195402579,1,1,27.88,176.82071829985762,1100000,true,163.26946919991315,1000000,,317.04721269999936,3376,3256,5.327568899991093,1,1.0,0,0.0,1,1.0001535742697725,214.44970692172268,-1.60418506534117,1.055162144352721,1.055162144352721,1.0,8,211.27661313339627,208.33056041153415,frenet,13.275368899996465,797954048,6.030411700005061,0.7527220138640318,163.26946919991315,1000000,3256,123.93526501866666,3,86ce8f6351d887066dc061cef07897d2aa8a005d177ae0bfe66805bde89b27d9,reinforce-tiny-frenet-seed-3,140,300.2625165995105,2000000,6660.838064804459
tiny,140,reinforce,false,301.35750689883207,6636.635737338425,0,1,,196.56544290014972,1150000,true,181.73399480044645,1050000,,330.8884127000001,2984,2865,4.791706099991643,0,0.0,1,1.0,1,0.6893808917775284,44.93591226270056,-175.06701046414364,0.20166984894944306,0.20166984894944306,0.125,8,66.59317897010705,44.459515690051184,frenet,13.558208799991917,797954048,5.550296399995204,0.68102487634883,181.73399480044645,1050000,2865,93.32735522215657,4,9083cc05ee3dcca76920a797b39825eccb50e1cd7aecd551b7cf96ecb6ef7d7b,reinforce-tiny-frenet-seed-4,140,314.915715698824,2000000,6350.905656016039
